GENES,C1_4,C1_2,C1_9,C1_8,C1_1,C1_3,C1_7,C1_6,C1_5,C2_2.1,C2_2.2,C2_7.2,C2_1.1,C2_8.1,C2_3.1,C2_8.2,C2_10.1,C2_10.2,C2_3.2,C2_5.2,C2_7.1,C2_1.2,C2_5.1,C2_9.2,C2_9.1,C2_6.2,C2_6.1,C2_4.1,C4_2.2,C4_1.1,C4_1.3,C4_2.3,C4_2.1,C4_4.1,C4_4.4,C4_4.3,C4_3.1,C4_1.4,C4_4.2,C4_3.3,C4_3.4,C4_3.2,C4_6.2,C4_6.3,C4_5.4,C4_5.2,C4_5.3,C4_1.2,C4_6.4,C8_6.8,C8_3.1,C4_5.1,C8_5.5,C8_4.1,C8_3.3,C8_4.5,C8_4.4,C8_4.2,C8_3.2,C8_2.4,C8_1.2,C8_1.4,C8_1.5,C8_1.1,C8_2.7,C8_2.8,C8_6.4,C4_6.1,C8_1.3,C8_5.2,C8_3.8,C8_6.7,C8_6.2,C8_6.5,C8_6.6,C8_5.8,C8_5.4,C8_5.3,C8_5.7,C8_4.7,C8_3.4,C8_4.6,C8_2.1,C8_5.6,C8_3.6,C8_6.3,C8_3.7,C8_6.1,C8_4.3,C8_3.5,C16_2.10,C16_5.7,C16_1.2,C16_1.15,C16_2.7,C16_2.11,C8_2.5,C8_2.6,C8_2.2,C8_2.3,C8_5.1,C16_1.3,C16_2.13,C16_4.7,C16_2.15,C16_2.16,C16_2.8,C16_2.5,C16_1.13,C16_1.14,C16_1.10,C16_1.9,C16_4.16,C16_5.9,C16_5.4,C16_1.8,C16_1.4,C16_1.11,C16_1.16,C16_3.6,C16_3.13,C16_5.8,C16_3.12,C16_5.11,C16_5.10,C16_5.5,C16_3.3,C16_1.7,C16_3.1,C16_3.10,C16_3.4,C16_3.15,C16_3.2,C16_4.8,C16_4.2,C16_1.5,C16_1.12,C16_2.6,C16_1.6,C16_2.9,C16_2.3,C16_2.14,C16_2.12,C16_2.2,C16_2.1,C16_3.8,C16_1.1,C16_4.9,C16_5.12,C16_5.6,C16_5.3,C16_5.2,C16_4.14,C16_5.1,C16_4.13,C16_4.15,C16_4.5,C16_4.6,C16_4.1,C16_3.5,C16_4.4,C16_4.3,C16_4.10,C16_4.11,C16_3.9,C16_3.11,C16_2.4,C16_4.12,C16_3.7,C16_3.14,C32_5.5,C32_7.6,C32_7.2,C32_8.5,C32_6.4,C32_4.11,C32_1.5,C32_4.24,C32_5.12,C32_4.3,C32_4.20,C32_1.8,C32_3.8,C32_1.15,C32_4.15,C32_4.21,C32_1.19,C32_5.10,C64_4.10,C32_7.5,C32_5.3,C32_2.8,C32_1.21,C32_1.16,C32_4.14,C32_4.6,C32_6.1,C32_2.4,C32_2.5,C32_2.13,C32_2.16,C32_2.15,C32_5.19,C32_2.14,C32_4.22,C32_1.18,C32_1.9,C32_1.2,C32_5.8,C32_2.11,C32_3.7,C32_3.6,C64_1.23,C64_1.22,C64_1.40,C64_4.32,C64_6.8,C64_7.3,C64_5.8,C64_6.6,C64_6.3,C64_6.5,C64_6.4,C64_1.3,C64_1.6,C64_6.2,C64_4.2,C64_4.11,C64_7.8,C64_4.5,C64_4.4,C64_4.8,C64_4.3,C32_1.13,C32_1.6,C32_1.20,C32_1.17,C32_4.16,C32_1.10,C64_4.6,C64_4.28,C64_6.1,C64_7.7,C64_4.30,C64_1.13,C64_2.5,C64_2.7,C64_1.43,C32_4.5,C32_4.4,C64_2.8,C64_1.4,C64_1.9,C64_1.41,C64_1.26,C64_1.5,C64_1.7,C64_1.11,C64_1.1,C64_4.35,C64_5.5,C64_7.4,C64_3.5,C64_4.26,C64_5.10,C64_2.17,C64_7.1,C64_6.7,C64_1.21,C64_2.16,C64_4.1,C64_7.5,C64_5.6,C64_7.6,C64_7.2,C64_5.7,C64_5.3,C64_5.2,C64_5.9,C64_7.9,C64_1.42
Ahcy,2.225,2.28,2.035,1.73,1.985,2.135,2.64,2.72,2.065,-1.8,-1.6,-6.17,-5.63,-1.165,-2.155,-0.985,-1.93,-2.51,-5.5,-3.495,-2.11,-1.04,-3.865,-3.115,-5.36,-1.74,-1.89,-5.545,-1.525,-0.91,0.16,0.66,0.19,2.21,1.045,-1.995,-0.06,-0.78,0.42,1.27,1.73,0.705,-1.035,-1.1,-0.21,-0.395,-0.505,-3.85,-5.93,0.445,1.4,-0.14,-0.52,0.175,-1.28,1.15,1.24,-2.24,-0.45,0.39,1.815,1.45,0.7,-1.615,-1.135,-3.565,-1.555,-0.905,1.975,0.255,0.325,0.78,0.825,1.21,-0.7,0.2,0.48,-0.52,0.24,1.515,1.26,1.15,-1.08,1.78E-15,0.82,1.84,1.72,0.22,1.15,0.3,1.365,1.38,-1.44,-0.365,1.75,1.51,-2.045,-1.5,-2.93,-0.28,-0.29,0.27,-0.065,0.415,0.36,1.47,1.965,1.29,0.555,0.505,1.555,1.61,1.275,2.39,2.045,0.34,1.45,0.8,0.91,1.82,0.84,1.855,1.29,1.795,1.295,2.3,1.97,1.27,3.065,2.43,2.08,2.175,1.65,1.005,2.19,-1.125,0.285,0.515,0.39,1.235,0.625,0.51,0.685,1.66,0.025,0.19,-0.91,1.905,2.66,3.8,1.035,2.94,1.245,-0.145,0.865,1.595,2.265,1.63,0.85,1.165,1.145,1.945,2.65,1.61,1.775,2.42,-0.605,2.705,0.855,1.035,-1.45,10.375,15.175,16.025,14.425,0.875,1.75,0.94,0.8,1.625,0.775,2.155,0.53,1.87,0.85,1.31,1.09,0.16,1.37,0.785,0.48,1.315,1.85,1.355,1.145,1.17,1.705,0.585,0.725,0.48,-0.945,1.205,0.78,1.07,1.49,1.065,2.665,3.465,0.885,0.905,-0.415,0,2.245,1.665,0.92,1.84,1.335,1.77,1.235,0.32,1.695,1.095,1.455,2.415,1.875,1.235,2.09,1.09,0.08,0.995,0.435,2.6,1.225,1.455,1.165,1.785,1.035,0.72,0.985,0.415,-0.145,0.395,0.605,0.305,1.785,0.84,0.34,0.175,0.97,1.515,1.35,0.88,0.74,-0.145,0.17,0.945,0.905,0.39,-0.045,0.34,0.44,1.59,0.31,0.15,1.34,0.455,-0.22,0.64,0.6,1.775,0.485,0.035,1.015,1.085,1.24,0.765,1.035,0.435,1.845,0.285,-0.22
Aqp3,-8.425,-8.4,-8.945,-4.79,-3.865,-7.095,-5.16,-6.68,-4.775,0.98,0.58,-2.16,-2.27,-2.115,-6.895,-6.875,-6.07,-6.36,-6.74,-6.725,-2.84,-6.6,-7.175,-3.335,-2.68,-2.74,-2.94,-1.805,-1.215,-1.37,1.96,1.1,1.86,2.37,4.605,3.335,2,1.79,2.43,2.58,1.94,1.695,0.935,-0.41,-2.84,-6.295,-0.555,-0.73,-0.84,2.645,0.63,0.58,2.35,1.975,1.25,0.79,-0.69,1.57,-3.1,0.15,2.795,1.17,2.21,0.075,1.565,1.165,2.605,-0.835,1.475,2.935,1.625,2.7,2.935,2.29,3.48,3.68,3.96,2.65,2.95,-0.785,0.88,1.26,1.63,2.29,2.97,-0.38,2.52,1.86,-0.51,2.4,3.485,3.41,3.03,3.385,0.43,3.72,1.875,2.27,1.83,0.23,2.84,2.37,1.585,1.995,2,3.41,3.845,3.96,2.825,2.345,3.775,2.87,2.625,4.54,3.185,2.89,3.23,2.48,3.11,3.2,2.5,2.825,3.22,2.975,2.825,3.72,3.67,3.54,2.525,3.66,3.02,0.825,1.66,4.205,3.64,2.985,2.475,2.375,2.23,1.125,2.665,2.09,2.055,1.92,1.815,5.04,2.74,2.515,3.46,3.62,2.165,3.73,3.315,4.755,2.345,3.195,3.995,2.29,2.05,2.885,3.355,3.815,2.41,2.81,2.865,2.8,1.325,3.525,2.645,4.405,0.86,-33.525,0.1725,0.4225,19.225,-2.635,-1.38,-1.53,-1.92,-0.725,0.015,-4.145,-1.96,-1.46,-2.13,-5.06,-1.64,-0.26,0.4,-1.17,0.65,-1.565,-3.24,0.175,0.365,-1.61,0.105,0.205,-2.585,-1.22,-3.405,-2.185,-0.69,-1.34,-1.63,-1.095,-1.345,-7.385,-5.175,-2.595,-2.095,-1.85,-0.725,-0.435,-2.18,-2.73,0.945,-1.15,-0.715,-2.15,-0.545,-6.495,-1.415,-3.225,-0.055,-1.795,-2.93,-0.83,-0.79,-6.345,-4.605,-3.21,-7.065,-1.175,-1.335,-3.135,-5.265,-4.31,-4.835,-6.185,-5.515,-7.505,-6.965,-8.205,-6.595,-8.3,-8.48,-7.365,-8.2,-6.855,-7.56,-7.63,-7.46,-2.955,-7.62,-7.865,-7.245,-7.37,-8.055,-8.84,-7.36,-6.91,-6.41,-8.12,-7.36,-5.045,-4.27,-7.79,-7.85,-4.125,-7.155,-7.005,-7.185,-6.945,-6.85,-7.725,-8.215,-7.815,-3.825,-0.225,0
Atp12a,-2.445,-2.42,-2.965,-3.13,-1.995,-2.935,-3.25,-3.17,-2.595,-0.9,-0.29,-1.43,-0.89,1.785,3.945,-0.895,-0.09,-0.38,2.79,4.525,-1.54,-0.62,3.945,1.295,-0.62,1.93,5.46,-0.805,0.385,0.22,0.27,0.67,0.45,1.31,1.675,1.385,0.42,0.54,1.43,1.08,1.39,0.585,-0.735,-0.55,-0.15,-0.315,-0.095,0.89,-1.19,-0.615,1.21,0.3,-1.74,1.605,0.42,1.83,1.28,2.5,2.88,1.37,-0.395,-0.55,-0.62,-0.275,-0.375,-0.405,-0.295,-1.055,-0.805,-1.245,-0.685,-0.48,4.545,-0.42,-0.4,0,3.29,-1.07,-0.91,-1.035,-0.65,-0.63,-1.28,-1.47,-0.06,-0.25,0.12,-0.42,-0.54,-0.65,-0.705,-1.51,-1.54,-1.535,0.03,-0.67,-0.615,-0.71,-0.59,-0.78,-1.41,-1.27,-1.685,4.305,3.06,4.97,-0.315,-1.25,2.425,2.525,3.585,3.39,-0.805,3.78,3.475,-1.6,3.35,4.25,3.22,3.2,4.87,4.235,-0.09,2.315,3.155,3.69,6.58,4.83,5.195,4.9,0.76,4.325,5.68,-0.305,-0.69,2.385,3.015,0.615,-0.92,-0.785,-0.845,-1.93,-1.595,-1.43,3.535,4.77,1,-0.555,-0.48,0.37,-0.775,-0.35,-0.835,-0.635,-0.675,-0.415,-0.195,4.63,3.09,4.115,3.645,0.255,-0.46,-0.78,1.505,1.1,-1.665,-0.725,-0.305,0.025,-2.21,-18.375,-11.625,-11.875,-14.025,-2.665,-1.67,-2.66,-2.02,-2.775,-2.855,-2.285,-3.44,-2.51,-2.97,-2.4,-1.64,-1.72,-0.92,-1.415,-2.42,-2.885,-2.36,-2.025,-2.825,-2.73,-2.19,-3.555,-2.565,-2.32,-3.555,-3.415,-2.86,-3.2,-3.38,-2.465,-2.005,-1.405,-2.195,-2.565,-3.295,-3.21,-0.775,-0.855,-2.41,-1.88,-0.615,-0.12,-1.005,-1.2,-1.155,-0.515,-0.995,3.895,-1.225,-1.365,-1.04,-1.07,-1.06,-0.365,-1.305,-0.72,-1.085,-1.565,-2.365,-1.695,-2.875,-2.6,-2.115,-0.205,-2.125,-1.525,-0.985,-2.225,-0.615,-2.32,-2.5,-1.385,-2.22,-2.435,-1.58,-1.65,-1.48,-2.085,-1.64,-1.885,-1.265,-1.39,-2.075,-2.86,-1.38,-0.93,-2.19,-2.14,-1.38,0.935,1.71,-1.81,-1.87,-1.675,-1.175,-1.025,-1.205,-0.965,-0.87,-1.745,-2.235,-1.835,-1.225,-1.045,-2.67
Bmp4,-1.22,-1.195,-1.74,-1.905,-0.77,-1.71,-2.025,-1.945,-1.37,0.325,0.935,1.135,0.335,0.85,0.31,0.33,2.685,0.845,0.465,0.48,-0.315,0.605,0.03,0.32,0.605,-0.315,0.425,0.42,1.61,1.445,1.495,4.085,1.675,2.535,5.84,2.61,1.645,1.765,2.945,2.305,2.615,1.81,0.49,0.675,1.075,0.91,1.13,2.115,0.035,0.61,2.435,1.525,0.155,2.83,1.645,3.055,2.505,3.725,4.105,2.595,0.83,0.675,1.405,1.13,0.85,0.82,0.93,0.17,0.42,1.9,4.27,0.745,1.44,0.805,0.825,1.225,0.735,1.115,0.315,1.06,1.995,0.595,-0.055,-0.245,3.515,0.975,1.345,3.745,0.685,0.665,0.52,-0.285,-0.315,-0.31,1.255,3.115,3.64,0.515,0.635,0.445,-0.185,-0.045,-0.46,-0.14,-0.345,0.785,0.91,-0.025,-0.54,0.11,-0.24,-0.275,0.42,0.325,-0.54,-0.375,-0.095,-0.295,0.285,0.465,1.045,1.14,1.135,-0.51,0.31,0.115,1.335,0.225,1.7,1.775,1.985,1.21,1.325,0.92,0.535,-0.29,-0.5,-1.84,0.305,0.44,0.38,-0.705,-0.37,-0.205,0.75,2.215,2.225,0.67,2.715,3.255,0.45,0.875,0.39,0.59,0.55,0.81,1.03,-0.355,0.325,1.28,0.98,3.41,0.765,0.445,2.73,2.325,-0.44,0.5,0.92,1.25,-0.985,39.275,17.075,0.5975,20.525,0.07,6.125,2.665,3.975,1.23,0.36,3.91,2.245,5.655,3.495,-1.175,-0.415,5.035,10.885,3.555,0.825,1.45,5.235,5.74,-1.6,2.835,1.755,2.22,-1.34,-1.095,-2.33,-0.7,-0.365,-1.975,-0.015,4,6.39,6.63,3.34,1.88,1.67,3.325,6.79,4.99,5.745,6.955,8.96,11.055,7.42,10.235,10.75,13.09,11.19,3.99,4.96,9.82,8.765,10.425,10.095,9.65,9.73,10.105,7.57,5.01,5.22,4.49,4.83,2.875,3.13,1.02,8.07,6.23,0.24,-1,0.61,-1.095,-1.275,-0.16,1.235,1.79,5.265,-0.425,-0.255,-0.86,-0.415,-0.66,-0.04,-0.165,-0.85,6.225,-0.155,0.295,-0.965,-0.915,-0.155,2.16,2.935,7.205,3.865,-0.45,0.05,0.2,0.02,0.26,0.355,-0.52,-1.01,-0.61,0,0.18,-1.445
Cdx2,-2.41,-2.535,-1.56,-3.955,0.04,-2.49,-2.675,-1.725,-3.47,0.705,-2.105,-1.625,-0.605,0.88,-1.4,0,0.965,1.025,-2.475,0.49,-0.705,0.105,-0.69,0.17,-1.295,-2.625,-1.085,-1.64,0.05,1.205,0.315,-1.325,0.065,-0.045,2.44,1.22,1.715,0.885,0.715,1.675,2.225,2.04,0.41,0.235,0.565,-1.23,0.39,1.375,-0.845,-0.07,2.365,1.255,-0.925,2.4,1.115,1.625,1.935,2.755,3.895,-3.315,-0.66,-0.275,1.425,-2.64,0.38,-5.09,0.59,-0.98,-5.49,-5.93,-0.06,-1.395,-0.29,-0.255,0.815,0.765,1.055,-0.055,-3.085,1.12,-1.325,-0.665,0.255,-0.855,-0.095,-0.505,-1.735,-2.025,-0.595,0.965,1.61,0.925,1.365,-0.47,0.635,1.595,0.71,-1.425,0.505,-0.055,-0.085,0.585,-0.48,-2.1,0.935,3.285,2.49,2.705,2.04,2.41,0.4,3.075,1.73,2.725,3.15,2.785,2.745,2.375,3.025,2.765,2.715,2.75,3.655,1.85,0.55,1.825,3.865,2.925,2.33,3.625,2.655,4.01,3.125,3.1,2.605,2.1,1.38,0.64,2.225,1.86,1.82,2.055,2.26,2.165,1.17,3.655,1.405,0.17,0.205,-0.115,2.08,2.725,1.61,2.25,1.18,1.69,0.72,0.415,0.965,2.84,1.85,3.19,1.565,1.225,2.99,3.395,1.76,1.5,2.97,2.78,-2.495,0.7425,16.175,0.4625,0.3325,-0.98,-2.285,-1.905,-1.245,-2.18,-2.97,-1.5,-4.355,-7.195,-3.055,-1.465,-3.045,-1.665,-1.885,0.245,-4.815,-2.75,-1.415,-1.21,-1.59,-1.925,-1.84,-2.91,-3.75,-2.155,-3.07,-3.71,-2.505,-1.585,-2.315,-1.02,-2.05,-6.09,-6.88,-5.39,-4.39,-1.695,-0.29,-0.17,-0.975,-3.435,0.4,-1.755,-5.69,-5.885,-5.84,-5.2,-2.87,-0.18,-0.2,-1.74,-0.455,-1.115,-2.395,-5.05,-5.99,-0.525,-4.11,-1.27,-1.55,-0.84,-1.24,-2.935,-0.4,0.27,-1.06,-6.21,-5.67,-6.91,-0.24,-3.385,-3.805,-0.57,-0.565,-2.4,-0.925,-1.765,-2.455,-0.8,-0.515,-0.35,-2.96,-1.115,-5.77,-4.045,-0.395,-5.615,-1.915,-1.115,-0.705,1.29,3.795,-1.545,-0.665,-6.36,-0.27,-2.89,-5.89,-5.65,-5.555,-6.43,-3,-6.52,-2.77,-5.73,-0.945
Creb312,4.92,4.735,3.94,5.155,5.25,5.54,3.715,3.645,3.74,-0.815,-0.205,-1.345,3.805,5.43,-0.83,-0.81,3.965,5.425,2.815,5.75,4.915,5.525,4.4,3.42,3.975,4.135,-0.715,-0.72,0.47,4.435,4.255,0.755,0.535,1.395,1.76,1.47,5.215,0.625,1.515,1.165,1.475,0.67,-0.65,-0.465,-0.065,-0.23,-0.01,0.975,-1.105,-0.53,1.295,3.125,1.695,1.69,0.505,1.915,1.365,2.585,2.965,1.455,-0.31,-0.465,2.655,-0.19,-0.29,-0.32,-0.21,4.08,-0.72,-1.16,-0.6,-0.395,0.3,-0.335,-0.315,0.085,-0.405,-0.985,-0.825,-0.95,-0.565,-0.545,-1.195,-1.385,0.025,-0.165,0.205,-0.335,-0.455,-0.565,-0.62,-1.425,-1.455,3.41,0.115,-0.585,-0.53,-0.625,3.405,3.095,1.875,-1.185,-1.6,-1.28,-1.485,-0.355,-0.23,4.015,2.18,-2.19,-1.38,-1.415,-0.72,-0.815,-1.68,-1.515,-1.235,-1.435,-0.855,-0.675,-0.095,0,-0.005,-1.65,-0.83,-1.025,0.195,-0.915,0.56,0.635,0.845,0.07,0.185,-0.22,-0.605,2.35,3.17,2.34,-0.835,-0.7,-0.76,-1.845,-1.51,-1.345,4.27,5.725,5.255,-0.47,-0.395,0.455,-0.69,-0.265,-0.75,-0.55,-0.59,-0.33,-0.11,-1.495,-0.815,0.14,-0.16,0.34,-0.375,-0.695,1.59,6.245,3.16,-0.64,-0.22,0.11,-2.125,-17.525,21.125,31.775,39.775,1.62,3.535,3.995,4.185,3.73,5.01,6.73,3.725,4.195,4.395,1.705,4.115,6.335,4.745,2.385,1.565,2.16,2.755,5.19,4.22,2.935,5.03,2.04,2.37,2.875,3.21,4.8,-2.775,1.415,4.625,-2.38,6.05,3.37,5.44,2.36,2.01,3.535,3.2,3.55,-2.325,-1.795,2.75,4.315,3.98,-1.115,-1.07,-0.43,3.55,-0.48,-1.14,-1.28,-0.955,-0.985,3.345,7.23,5.31,7.775,7.14,7.05,5.53,7.28,6.06,5.915,7.55,6.81,5.46,7.06,7.15,7.31,6.03,5.865,4.425,6.03,5.605,4.73,3.945,5.665,4.845,3.31,6.125,7.82,7.24,6.255,6.39,5.705,7.655,7.975,6.205,6.295,6.915,8.53,8.835,6.485,5.525,3.87,7.66,7.49,7.17,6.48,6.525,6.67,6.03,6.97,6.81,7.19,2.765
Cebpa,-43.825,-43.575,-49.025,-50.675,-39.325,-48.725,-51.875,-51.075,-0.2225,35.025,39.925,-33.675,-28.275,-23.125,-28.525,-28.325,-20.275,0.0825,26.125,39.075,28.325,42.425,32.175,51.875,50.525,36.325,44.025,-27.425,-15.525,35.725,58.225,54.825,52.925,-0.6275,66.375,49.775,53.025,66.425,58.125,75.425,61.225,67.575,48.375,50.325,34.025,35.475,32.775,-10.475,-31.275,-25.525,20.425,-16.375,10.325,52.175,42.625,57.025,56.225,0.5625,0.9425,-0.5675,25.675,35.225,17.925,0.7675,49.975,38.875,57.175,33.375,26.575,11.475,27.375,25.425,42.975,29.525,0.8025,54.125,55.825,48.025,44.025,53.075,37.225,35.825,23.325,0.9025,35.925,17.025,50.725,28.425,44.125,36.825,47.675,33.425,37.125,39.275,55.325,47.425,58.275,34.525,44.625,0.4525,-33.475,-32.075,0.8975,32.075,32.325,40.425,45.875,41.425,39.075,42.875,49.075,28.725,34.775,34.925,34.275,37.725,15.725,29.925,-0.8975,-26.975,-21.175,-20.225,-20.275,26.575,-28.525,-30.475,-18.275,-29.375,-14.625,-13.875,-11.775,-19.525,-18.375,-22.425,-26.275,25.575,-0.7425,-20.525,46.225,31.875,0.7175,22.925,-14.825,17.125,-24.125,-0.9475,44.225,35.975,19.625,24.525,-27.125,-22.875,27.775,49.875,47.775,51.075,36.575,14.825,-28.375,24.275,43.775,-16.825,-23.975,30.625,-0.4325,-0.8375,-36.025,-26.625,-22.425,45.775,-41.475,-3.775,-3.1,2.225,2.46,13.375,16.225,-45.975,-39.575,-0.3925,-47.925,-42.225,-53.775,-44.475,-0.0175,-0.1875,-35.775,22.825,30.225,-33.525,-43.575,-48.225,-42.975,-17.525,-47.625,-46.675,0.1375,15.475,-45.025,-42.575,-54.925,-53.525,-47.975,-51.375,-53.175,-44.025,-39.425,-33.425,-41.325,-45.025,-52.325,-51.475,-27.125,-27.925,-43.475,-38.175,-25.525,-20.575,-29.425,-31.375,-30.925,-24.525,-29.325,-25.025,-31.625,-33.025,-29.775,-30.075,-29.975,-23.025,-32.425,-26.575,-30.225,-35.025,-43.025,-36.325,-48.125,-45.375,-17.925,-21.425,-40.625,-34.625,-29.225,-41.625,-25.525,-42.575,-44.375,-33.225,-41.575,-43.725,-35.175,-35.875,-34.175,-40.225,-35.775,-38.225,-32.025,-33.275,-40.125,-47.975,-33.175,-28.675,-41.275,-15.775,10.325,-10.025,-0.2275,-37.475,-38.075,-36.125,-31.125,-29.625,-31.425,0.3875,-28.075,-36.825,-41.725,-37.725,-31.625,-29.825,-46.075
Dab2,-3.005,-3.11,-4.155,-3.61,-2.715,-2.305,-6.22,-3.74,-2.645,-3.04,-5.93,-7.07,-4.36,-2.925,-6.555,-6.535,-5.73,-6.02,-6.4,-6.385,-7.18,-6.26,-6.835,-6.545,-6.26,-7.18,-3.26,-6.445,-5.255,-5.42,-5.37,-1.47,1.02,-1.03,-3.965,0.835,-0.83,-5.1,-1.68,0.86,0.54,-1.475,-0.595,-0.92,0.22,-5.955,-1.755,-2,-5.94,0.295,0.47,0.24,-0.24,-0.845,0.42,-3.81,-4.36,-3.14,1.51,1.39,1.045,1.28,0.51,0.195,-2.055,-0.195,-2.925,-6.695,-2.265,-0.445,-1.675,-3.18,-2.285,-0.14,-2.13,1.02,1.31,1.01,0.7,0.645,0.67,-2.58,0.63,-0.64,1.04,-4.83,1.33,0,0.18,-0.54,2.045,1.81,-0.79,-1.435,-0.07,2.16,-1.945,0.64,1.2,-0.64,-0.47,1.83,-0.195,1.815,0.59,3.01,1.755,2.92,1.975,1.995,2.355,2.56,2.015,3.79,2.225,2.52,3.18,3.01,3.24,2.17,3.19,3.275,2.3,2.145,2.975,2.77,3.76,3.41,3.565,4.17,4.18,3.225,3.45,2.725,1.46,1.695,2.015,1.275,2.46,2.305,2.575,2,1.185,3.34,1.955,3.61,2.47,-1.635,0.84,1.71,1.775,3.89,1.545,2.445,1.985,2.775,2.505,1.97,1.05,3.535,2.505,3.575,1.56,2.52,1.805,3.52,3.095,2.195,2.395,1.085,-7.85,-74.775,-68.025,-40.125,-37.325,-3.555,-7.31,-8.3,-4.28,-1.975,-2.635,-3.015,-4.38,-2.28,-3.9,-8.04,-2.67,-4.41,-1.11,-3.685,-8.06,-8.525,-4.62,-1.475,-3.175,-8.37,-4.86,-3.585,-1.985,-2.81,-3.075,-3.715,-5.15,-8.84,-9.02,-3.935,-3.765,-3.455,-7.835,-8.205,-8.935,-8.85,-6.415,-6.495,-8.05,-2.85,-1.025,-1.45,-2.665,-1.7,-3.525,-6.155,-6.635,-6.205,-6.865,-1.645,-3.56,-6.71,-0.16,-6.005,-6.945,-2.17,-2.905,-1.265,-1.635,-2.635,-2.425,-4.09,-2.455,-1.235,-2.295,-0.405,1.075,-1.675,-1.895,-1.29,-3.57,-7.025,-7.86,-8.075,-0.34,1.92,1.98,-0.655,-1.67,2.345,0.115,1.44,0.685,0.43,1.34,1.59,0.83,-1.36,2.88,3.805,2.71,4.14,-0.39,-1.425,-1.735,0.015,2.605,2.195,3.8,2.725,3.655,3.905,3.175,1.985,1
DppaI,5.92,5.935,6.31,5.525,6.39,5.57,5.265,5.925,5.73,2.125,2.335,2.235,3.405,1.31,2.66,2.09,3.085,2.635,2.365,2.4,1.315,3.125,3.45,2.43,2.135,2.365,2.075,2.05,-2.06,0.505,-2.175,0.135,-1.995,-1.135,-0.77,0.2,-2.025,-1.905,-0.055,-1.365,-1.055,-1.86,-1.38,0.245,0.965,-2.76,-2.54,-1.555,-3.635,-1.02,-1.215,-2.145,-0.945,-0.84,-2.025,-0.615,-1.165,0.055,0.435,-1.075,-2.84,-2.995,-3.065,-2.72,-2.82,-2.85,-0.14,0.1,-3.25,-3.69,-3.13,-2.925,-2.23,-2.865,-2.845,1.285,-2.935,-3.515,-3.355,-3.48,-3.095,-3.075,-3.725,-3.915,-2.505,-2.695,-2.325,-2.865,-2.985,-3.095,-3.15,-0.505,-3.985,-3.98,-2.415,-0.385,-3.06,-3.155,-3.035,-3.225,-3.855,0.095,-4.13,-3.81,-0.905,-2.885,-2.76,-3.695,-1.75,0.68,-3.91,-1.675,-3.25,2.065,0.52,-1.815,0.275,0.155,-1.415,2.235,-0.455,0.75,0.515,1.59,-0.76,-3.555,-2.335,-0.935,-1.97,-1.895,-1.685,-2.46,-2.345,-2.75,-3.135,-3.96,-4.17,-5.51,0.485,-3.23,-3.29,-4.375,-4.04,-3.875,-2.92,1.085,1.845,-3,-1.875,-2.075,-0.91,2.345,-3.28,-3.08,-3.12,-2.86,-2.64,-1.175,-3.345,-2.39,-2.69,-2.19,-2.905,-1.055,-0.94,-1.345,-4.11,-3.17,-2.75,-2.42,-4.655,-18.875,-36.075,-36.325,-38.475,-5.11,-4.115,-5.105,-0.625,-5.22,-5.3,-4.73,-5.885,-4.955,-5.415,-4.845,0.465,-4.165,-3.365,-3.86,-4.865,-5.33,-4.805,0,-2.62,-5.175,-4.635,-6,-5.01,-4.765,-6,-5.86,-5.305,-5.645,-5.825,-1.66,0.67,-3.85,-4.64,-5.01,-4.52,-2.625,-3.22,-3.3,-4.855,-0.305,-3.06,-0.055,0.57,-3.645,-3.6,-2.96,-3.44,-3.01,-3.67,0.71,1.785,-3.515,-3.505,-2.81,-3.75,-3.165,3.72,2.47,0.04,0.51,-1.14,-1.835,-0.61,-2.65,2.49,-3.97,-0.49,1.22,-3.06,-4.765,-4.945,-3.83,-4.665,-4.88,-0.875,-4.095,-3.925,-4.53,-1.785,-0.83,-3.71,-3.835,-4.52,-5.305,-3.825,-3.375,-4.635,-4.585,-3.825,-1.51,-0.735,-4.255,-4.315,0.35,-3.62,-3.47,-3.65,-3.41,-3.315,-4.19,-4.68,-4.28,-3.67,-3.49,-5.115
Eomes,-1.77,-2.875,-3.81,-4.025,-4.55,-4.3,-3.045,-1.555,-1.27,1.175,-0.445,-4.065,-1.775,-1.3,-2.83,-3.64,-3.295,0.775,-1.695,0.22,-4.745,-3.295,-2.46,-1.54,-0.045,1.385,-1.135,-1.51,-2.82,-2.985,-2.935,-2.435,-2.755,0.515,-0.46,-1.82,-2.785,-2.665,-1.775,0.115,-1.815,-2.62,-3.94,-3.755,-3.355,-3.52,-1.88,-2.315,-4.395,-2.34,1.455,0.785,0.495,0.04,2.085,1.945,-1.925,-0.705,-0.325,-1.835,-3.6,-3.755,-0.695,-1.04,-1.7,-3.61,-1.85,-4.26,-4.01,-4.45,0.99,-0.545,-2.3,-2.535,-3.605,0.895,-0.515,0.195,-0.965,0.32,1.275,-0.335,1.485,0.845,0.945,-3.455,-2.095,0.535,-1.135,0.775,1.38,-0.585,0.775,2.32,2.035,1.055,-3.82,-0.095,1.595,-0.115,-4.615,1.195,0.79,1.14,-1.595,-0.465,1.6,0.365,1.27,-0.16,-0.48,1.975,-4.01,1.805,1.36,2.025,2.295,1.145,1.135,-0.045,-2.085,2.22,0.585,-0.95,-4.12,0.035,-3.095,1.555,-2.73,-2.655,-2.445,-1.92,-3.105,0,0.895,2.72,0.78,0.97,2.075,2.34,-4.05,-0.075,-4.8,0.185,-2.07,0.185,0.835,1.28,2.815,3.265,2.93,-0.165,-0.14,1.55,-1.82,0.88,-2.21,-4.785,-4.105,-3.15,-0.17,1.13,0.545,0.715,1.5,-1.675,-1.85,0.91,-2.94,1.61,-5.115,-0.2875,-0.6875,-34.425,0.3525,-3.29,-0.055,-3.185,-5.225,-5.98,-3.71,-5.49,-2.495,-0.505,-3.925,-1.585,-4.845,-4.925,1.575,-0.03,1.145,-2.73,-2.545,0.08,-1.88,-2.195,1.62,-0.37,-1.73,-0.855,-2.99,-1.69,-0.555,-0.075,-3.225,-0.81,1.2,0.88,-1.24,-0.82,-4.3,-0.875,-3.98,-0.9,-4.975,-5.085,0.67,-1.995,-1.15,0.455,-4.36,-3.72,-4.2,-3.77,-4.04,-4.57,-0.765,-4.275,-4.265,-3.57,0.59,1.795,0.08,-1.35,-0.67,-1.23,-1.19,-1.025,-5.32,1.04,1.74,-1.05,0.78,0.28,-0.78,-5.525,-5.375,-4.59,-3.565,-3.42,-4.785,-3.385,-4.585,-2.72,0.435,-0.37,-0.55,-0.505,1.11,1.015,-0.035,1.205,-1.375,-0.375,0.745,-2.27,1.635,-2.885,-5.075,-1.39,-2.36,-1.64,-4.41,0.02,-0.315,0.06,1.69,1.31,1.8,-0.62,-5.875
Esrrb,3.54,3.775,3.08,3.315,3.41,3.24,3.045,3.325,2.94,4.365,4.125,1.285,3.705,3.28,1.81,0.87,2.755,3.495,3.145,2.68,2.795,3.535,3.53,1.94,3.055,2.715,3.765,3.17,3.54,3.045,3.895,5.235,4.515,3.595,3.37,4.95,4.605,4.175,4.795,3.615,2.925,3.92,3.83,3.815,4.975,3.95,4.28,4.095,4.505,3.87,4.735,4.805,2.035,4.48,2.015,4.205,3.895,3.295,5.125,3.215,2.41,3.735,2.695,3.2,5.19,1.1,3.96,4.27,3.08,2.43,3.03,1.975,2.88,2.135,-0.555,3.285,3.335,3.665,3.975,2.81,3.365,0.995,2.455,2.845,2.685,3.445,4.655,2.545,3.615,4.035,1.89,2.455,0.705,1.35,3.765,3.525,3.32,3.325,4.235,3.685,3.775,2.195,-0.03,2.44,-0.425,2.685,1.16,1.605,1.59,1.85,2.55,0.835,3.1,3.895,2.82,1.645,2.915,2.245,2.655,1.935,2.205,2.58,-2.995,-1.23,3.23,2.625,3.745,2.855,3.93,3.985,3.715,3.18,3.195,1.53,3.115,0.75,1.67,0.75,1.745,1.74,-0.93,0.845,-4.5,-4.335,-3.38,3.395,2.595,2.83,4.045,1.355,1.57,2.795,1.45,2.77,1.67,3.52,1.73,2.655,2.885,4.25,3.64,4.06,2.815,3.435,3.84,2.435,-0.11,3.4,0,-2.88,-0.605,-47.425,-0.2075,15.025,0.0825,1.85,0.245,2.545,1.205,0.93,0.35,-0.16,0.735,0.475,1.825,2.395,1.815,-0.865,1.085,2.12,0.965,-0.38,1.495,1.12,1.54,1.145,1.745,-0.29,-2.82,-5.225,-2.19,-1.04,1.825,-1.245,2.135,1.2,0.57,1.76,0.53,-0.61,0.34,-0.125,2.08,1.76,1.655,1.475,-0.62,0.365,2.94,2.645,1.53,3.82,1.96,2.96,1.61,2.76,2.495,2.835,0.475,0,-4.21,-3.625,-3.99,0.64,1.72,0.73,0.97,1.325,0.35,0.85,1.3,-0.1,2.15,-5.13,-3.52,-5.225,-5.405,0.18,0.545,0.47,-4.485,-4.555,-4.385,-2.24,-4.545,-0.73,-0.55,-0.515,-2.63,-1.265,-4.285,-3.835,-0.885,-0.095,-4.285,-1.97,-1.195,1.045,-2.095,-4.58,-4.08,-3.93,-1.11,-3.87,-3.775,0.66,-1.39,-4.74,-4.13,-3.95,0.845
Fgf4,-1.97,-1.945,-2.49,-2.655,-1.52,-2.46,-2.775,-2.695,-2.12,-0.425,6.205,9.865,9.555,10.38,9.82,9.93,9.905,8.925,10.115,9.12,10.215,10.315,9.45,9.98,9.635,9.145,10.215,6.79,9.5,9.505,9.155,7.315,10.285,10.845,9.88,10.87,10.095,11.005,10.655,10.885,8.935,9.89,9.65,8.265,8.235,7.94,7.82,9.075,7.425,6.02,7.845,8.615,4.075,9.61,8.515,4.605,6.395,7.465,8.245,6.115,5.27,4.085,4.985,5.28,3.91,4.81,8.28,8.51,2.87,5.9,5.79,6.115,7.77,5.455,3.965,5.895,6.735,7.725,7.825,8.5,7.775,7.625,4.755,2.665,7.725,5.875,7.115,6.095,7.365,6.525,4.29,5.135,4.165,1.95,5.095,3.415,4.33,3.525,1.755,0.865,5.475,3.815,-1.15,-0.89,4.585,5.295,5.43,5.505,3.07,3.73,6.6,0.835,4.25,4.835,1.84,3.855,-0.845,3.055,3.605,-0.285,2.655,4.36,4.915,3.56,4.3,4.595,5.095,4.495,4.37,4.655,1.235,4.16,3.805,3.85,4.925,4.39,2.85,3.19,3.215,4.39,1.26,4.325,3.42,1.535,0,1.465,1.475,-0.08,4.965,4.325,2.99,4.425,3.51,2.22,5.19,4.67,4.83,4.835,-0.425,1.68,4.51,5.17,2.805,3.335,4,6.005,2.59,-0.25,0.17,0.5,2.405,-0.8375,42.975,64.625,31.275,5.78,6.555,0.285,6.745,1.34,1.96,2.62,4.755,3.325,2.215,1.955,-1.165,-1.245,-0.445,3.26,-1.945,0.68,-1.885,4.41,0.12,3.225,4.275,5.22,1.19,4.045,3.17,7.1,4.635,6.925,5.445,7.14,7.81,5.77,5.11,2.18,5.9,4.955,8.34,8.47,6.505,7.195,9.14,8.675,7.59,8.865,9.54,9.09,9.42,8.32,7.15,7.45,7.395,8.335,7.165,0.11,-0.83,-0.245,-0.61,-1.09,-1.89,-1.22,-2.4,-2.125,-1.64,0.27,-1.65,-1.05,-0.51,-1.75,-0.14,-1.845,-2.025,-0.91,-1.745,-1.96,2.735,-1.175,-1.005,-1.61,-1.165,-1.41,-0.79,-0.915,-1.6,-2.385,-0.905,-0.455,-1.715,-1.665,-0.905,1.41,2.185,-1.335,1.775,-1.2,-0.7,-0.55,-0.73,-0.49,-0.395,-1.27,-1.76,-1.36,-0.75,-0.57,-2.195
Fgfr2,3.295,2.92,2.855,2.89,3.185,2.535,2.78,2.46,2.595,-0.69,-0.18,0.06,0.58,0.065,-0.215,-1.855,-0.15,0.83,0.07,0.325,-1.23,0.54,-0.925,-0.705,-0.18,-0.17,0.21,-1.775,1.485,1.45,-1.42,2.74,0.35,3.42,4.705,3.495,3.36,-0.76,4.1,2.4,2.54,2.945,0.995,0.25,-1.69,1.335,3.055,-1.82,-0.14,1.865,3.74,2.41,-1.16,2.125,0.98,0.47,1.81,0.87,2.98,-3.89,-2.165,0.78,0.98,-0.885,0.745,0.605,2.125,2.325,1.305,0.565,1.935,1.06,1.535,-1.06,0.01,0.35,0.85,0.47,1.32,0.035,0.37,0.13,1.03,0.4,3.17,2.14,3.42,1.54,1.23,1.15,1.255,0.6,0.15,0.915,-0.98,1.92,1.125,1.67,1.05,-0.63,1.76,0,-0.005,1.065,-0.5,-0.32,0.915,1.06,0.335,0.295,0.705,0.22,1.605,1.33,1.095,1,0.29,1.56,1.85,1.12,1.91,2.225,0.5,0.075,1.905,0.85,1.43,1.76,2.455,3.26,3.33,2.095,1.75,2.315,2.08,-0.255,0.885,0.345,0.18,1.275,-0.605,-0.01,-0.255,-0.05,1.715,2.03,1.83,0.995,2.96,1.37,2.355,1.05,1.565,1.855,1.405,2.475,2.245,-0.3,0.96,2.225,2.895,3.045,1.27,1.78,2.305,2.66,-0.345,2.145,1.065,1.265,-3.39,-17.775,-64.225,-64.475,-24.925,-7.925,-6.93,-7.92,-7.28,-3.465,-4.625,-2.055,-2.67,-2.02,-1.47,-2.6,-1.3,-2.54,-1.53,-3.175,-2.87,-0.095,-4.15,-0.945,-3.265,-2.85,-2.915,-1.165,-5.705,-2.56,-1.385,-2.445,-8.12,-8.46,-5.89,-5.005,-7.265,-4.055,-6.555,-1.815,-5.185,-8.47,-6.035,-0.945,-6.7,-7.14,-5.875,-5.38,-6.265,-6.46,-6.415,-5.775,-6.255,-5.825,-6.485,-6.625,-6.3,-6.33,-6.32,-1.975,-1.155,0.72,1.305,1.295,-1.965,0.935,0.175,0.55,1.785,1.285,-0.355,1.715,1.605,1.075,-2.145,-0.68,-0.69,-0.025,-1.88,-1.395,-1.55,0.46,-0.22,0.735,0.34,1.745,1.185,0.98,1.775,-0.13,0.3,1.22,0.44,0.7,0.24,1.575,1.27,0.88,-3.6,-0.795,0.975,0.835,0.915,1.585,1.12,0.345,-1.065,-0.405,0.455,1.275,0.14
Fn1,-4.47,-4.445,-1.09,-1.465,-4.02,-4.96,-5.275,-2.935,-1.38,2.085,3.465,2.705,3.185,2.86,0.45,2.48,4.135,3.445,2.515,2.03,2.935,1.685,0.49,2.54,2.305,0.755,3.245,0.86,3.32,2.345,4.985,5.135,4.625,2.275,1.87,-0.64,4.155,-1.485,5.035,3.655,4.625,3.15,0.56,1.205,3.125,3.32,4.7,3.225,1.975,2.01,2.535,3.915,2.205,-0.42,-1.605,-0.195,1.055,3.945,4.135,3.595,1.66,-2.575,1.845,1.56,-2.4,-2.43,1.8,2.09,-0.55,-3.27,1.04,2.235,3.15,3.625,3.685,1.175,2.405,2.435,1.855,1.29,1.555,1.805,-0.445,2.035,3.315,2.915,3.175,1.945,1.195,-0.225,-2.73,1.115,1.245,-0.46,-1.995,2.705,-0.33,0.315,1.365,0.135,-3.435,-1.775,-1.01,-3.39,-0.485,1.235,1.8,-3.275,-3.79,-4.3,-0.78,-0.215,-2.83,1.305,-2.76,1.215,1.125,-3.545,1.845,1.545,-2.205,-2.11,0.445,0.85,-2.94,-3.135,-1.915,-0.535,3.18,1.865,-1.265,-2.04,-1.925,-2.33,1.105,0.95,-0.73,-0.8,-2.945,2.23,1.2,-0.555,0.28,2.215,-2.5,2.615,2.305,1.01,0.855,1.275,-2.8,1.205,-2.86,-0.52,0.06,-2.44,0.94,-0.515,1.625,-1.97,-2.27,-1.77,2.355,-2.805,2.92,-0.925,0.66,2.42,-2.33,0.74,-4.235,27.725,29.575,10.225,29.775,4.6,4.615,3.465,3.445,2.96,3.26,3.24,3.725,4.345,3.465,3.365,2.275,3.905,4.655,3.835,-0.045,1.32,3.645,4.22,2.09,3.255,2.81,0.75,0.75,1.945,1.72,2.39,2.335,4.245,4.115,4.19,3.6,4,4.11,1.75,3.11,2.385,5.12,4.87,4.225,5.165,5.82,6.535,5.95,5.535,4.83,5.76,6.25,5.12,5.62,6.15,5.755,5.745,4.925,5.24,3.55,5.495,4.48,3.08,4.37,3.06,1.07,3.135,2.12,3.37,3.19,5.02,2.61,2.01,3.93,2.415,2.595,3.57,3.435,3.36,3.285,2.025,0.825,2.36,3.625,0.88,1.53,1.825,1.68,2.185,3.645,1.445,-0.905,2.285,2.855,2.27,3.075,0.205,3.965,3.06,4.56,3.1,2.63,3.17,1.905,0.5,0,-3.86,-3.25,2.69,1.335
Gata3,-4.02,-2.805,-4.08,-3.995,-3.22,-3.19,-6.495,-3.965,-2.99,-2.245,-1.205,-5.365,-2.175,-1.61,-2.46,-2.02,-2.275,-1.235,-2.005,-1.41,-4.385,-1.495,-2.3,-2.84,-4.165,-9.535,-3.155,-3.17,-0.74,-1.425,-7.725,-0.755,-0.235,1.035,1,-0.14,0.065,-0.605,0.355,0.635,0.635,-0.89,-8.73,-1.125,-0.765,-1.58,-0.3,0.405,-2.275,-1.22,-0.465,-0.525,-2.695,1.28,-0.195,2.035,1.405,1.215,-0.355,1.115,-1.1,-0.995,-0.065,-1.31,0.46,-2.44,-2.53,-2.25,-1.63,-0.77,-1.03,-1.465,-3.22,-1.245,-1.905,0.555,-0.465,-1.665,-1.845,-0.1,-1.715,-0.775,0.275,-2.065,-3.185,-2.885,-1.375,-1.175,-0.085,-0.965,0.92,1.215,-0.735,-0.55,-1.535,1.595,-1.15,0.615,-0.025,-0.195,-1.125,0.825,-0.43,1.51,0.405,2.635,2.26,1.615,1.61,1.57,0.46,2.035,0.94,2.775,2.18,2.175,2.185,2.255,2.155,3.105,3.045,2.58,4.285,1.87,2.28,1.815,4.045,2.625,4.32,3.885,3.415,3.37,3.265,2.79,0.745,1.21,1.82,-0.39,2.505,0.45,0.21,1.525,1.95,1.755,1.25,3.445,3.195,-0.65,0.255,0.895,3.12,2.075,2.76,2.26,2.05,2.29,2.22,-0.145,-1.615,3.07,1.39,2.12,2.415,1.685,3.78,4.095,2.29,1.99,3.73,1.79,-1.845,-23.175,24.625,-13.975,-11.775,-2.97,-1.885,-5.445,-2.535,-4.71,-2.31,-2.1,-3.815,-2.695,-4.665,-3.425,-1.945,-3.355,-1.905,-2.255,-1.795,-2.6,-4.095,-3.35,-3.67,-3.125,-3.085,-2.77,-2.92,-1.765,-2.99,-2.68,-4.055,-4.155,-5.345,-3.8,-3.62,-2.73,-3.51,-3.53,-5.01,-4.505,-0.46,-1.99,-2.925,-3.485,-2.92,-1.645,-2.51,-2.035,-1.38,-5.17,-6.59,-1.87,-0.38,-1.3,-9.035,-9.065,-9.055,0.41,-2.84,-2.865,-2.68,-0.88,-2.58,-1.71,-4.55,-2.975,-1.17,-0.48,-3.44,-2.82,-8.98,-3.73,-1.41,-3.115,-4.455,-1.19,-2.415,-3.23,-0.495,-1.715,-2.265,-2.18,-2.205,-2.4,-0.92,-1.815,-2.34,-3.005,-3.855,-8.925,-2.175,-3.785,-2.825,-0.55,0.885,-9.805,-4.335,-1.63,-2.63,-1.86,-0.76,-1.59,-1.475,-3.93,-4.04,-9.83,-1.9,-0.55,-2.285
Gata4,7.005,7.26,7.095,7.59,7.435,6.675,6.3,7.4,7.195,6.43,7.09,8.09,8.91,9.405,8.145,8.895,9.4,8.94,8.86,8.705,8.13,9,8.645,8.855,9.17,7.64,8.46,7.215,8.525,8.08,8.87,9.06,8.65,9.9,10.125,9.875,8.26,8.82,10.34,9.78,9.06,7.825,7.235,7.03,6.82,6.445,7.495,7.69,6.31,6.475,8.11,7.54,5.58,6.155,7.14,3.49,5.61,4.31,7.31,4.7,4.465,4.78,4.42,3.695,5.945,4.545,6.255,6.435,4.195,5.655,7.305,6.45,6.065,6.18,6.83,7.11,6.86,7.09,6.72,6.045,7.17,6.02,3.73,5.86,7.45,7.35,7.45,6.5,6.88,7.13,1.735,1.36,1.36,1.385,3.67,3.54,2.845,4.69,4.31,5.48,5.19,0.34,0.645,0.985,0.92,2.91,3.575,2.32,1.815,2.055,3.245,2.21,2.385,0,0.335,0.34,-0.58,-0.48,-0.41,0.75,-0.77,-4.775,-4.78,0.765,2.245,2.42,1.8,1.79,3.845,1.18,3.33,3.335,-0.18,1.175,4.11,0.445,-0.055,-0.545,-0.93,-5.475,1.155,1.76,1.135,-1.63,0.195,-3.7,-3.69,-5.245,2.28,0.56,1.635,2.46,-0.035,0.745,2.215,0.955,2.765,3.16,2.65,3.885,2.295,2.035,3.08,0.9,3.105,2.97,-3.815,2.895,0.885,2.615,-6.9,21.625,-0.8725,-0.2675,-60.925,-7.355,-6.36,-2.27,-0.22,-1.915,-2.835,-0.415,-8.13,-4.31,-1.37,1.78E-15,-0.07,-1.84,0.7,0.245,-2.31,-7.575,-7.05,-6.715,-7.515,-7.42,0.415,-1.535,-7.255,-7.01,-1.875,0.475,-3.5,-7.89,-3.67,-1.815,-0.685,0.205,1.215,1.175,-0.805,-0.98,-5.465,1.555,0.58,-1.33,-5.305,-4.81,-5.695,-5.89,-5.845,-5.205,-5.685,-0.715,0.425,-0.805,0.33,-0.55,2.54,3.985,2.605,4.89,4.235,3.445,0.725,3.615,2.455,3.6,5.515,5.485,3.705,6.215,6.025,5.625,7.555,5.45,3.33,5.375,2.74,1.875,0.82,6.38,6.14,5.735,5.52,6.635,6.455,6.27,6.175,4.78,5.02,6.07,5.4,5.67,5.75,5.695,5.06,6.21,2.96,5.045,6.085,6.535,5.105,4.595,5.87,5.365,5.355,5.095,5.365,6.275,5.86
Gata6,-3.885,-5.56,-4.385,-2.49,-2.635,-5.765,-4.87,-5.07,-3.245,-2.97,-3.22,-7.63,-3.54,-2.295,-7.115,-7.095,-1.31,-1.18,-6.96,-6.945,-7.74,-3.23,-7.395,-1.985,0.26,-2.56,-3.02,-7.005,-5.815,-0.26,1.28,2.41,-5.06,2.62,3.175,2.875,1.79,0.11,1.16,0.22,0.48,0.385,0.395,-0.08,0.6,0.115,0.365,-2.25,-1.35,0.835,2.99,1.67,2.04,4.455,2.85,3.39,3.36,-0.43,3.53,1.77,3.105,3.96,3.55,1.455,4.765,3.835,2.165,1.965,3.335,2.765,2.405,1.32,2.795,1.81,4.27,3.91,3.53,2.54,1.98,3.825,2.88,3.56,2.79,0.65,2.09,3.85,1.27,1.57,3.78,3.26,3.365,2.86,1.97,2.365,3.68,4,3.635,3.85,4.59,3.32,2.58,2.68,1.235,2.665,2.14,4.01,3.465,2.2,2.005,2.285,2.095,2.84,2.895,4.03,2.975,0.89,2.91,2.01,2.52,3.23,3.44,3.675,2.7,1.905,4.115,3.27,4.02,2.98,3.685,4.19,4.88,4.125,3.49,3.495,4.38,2.445,1.895,1.835,2.31,1.435,2.695,1.99,2.125,0.77,1.965,2.81,3.29,4.035,4.63,4.77,3.465,3.91,3.245,3.955,2.655,4.255,4.455,3.97,4.68,4.595,4.395,5.715,3.56,3.65,3.745,4.14,2.435,3.585,2.225,3.665,-0.36,-21.025,-12.225,-10.075,-0.0675,0.865,1.24,0.66,-0.02,0.085,-0.645,0.835,0.95,2.31,1.81,2.01,2.34,1.04,0.73,1.625,1.45,-0.175,1.31,1.695,1.185,0.62,2.005,0.525,-4.575,-1.36,-0.205,-2.075,0.78,0.59,-0.06,-0.845,-1.255,1.825,1.145,0.295,-0.265,0.58,-6.975,-7.055,-8.61,-8.08,-6.815,-2.21,-7.205,-7.4,-7.355,-6.715,-7.195,-6.765,-7.425,-7.565,-3.14,-7.27,-2.93,2.895,1.725,2.11,1.925,2.325,1.695,1.325,1.735,1.28,1.185,0.165,1.125,1.945,1.855,0.685,0.825,1.23,0.72,1.295,0.72,1.815,1.33,1.34,1.03,0.625,1.83,2.215,1.895,1.04,0.695,0.56,1.11,1.07,0.9,0.45,-0.01,-0.835,0.33,0.72,0.71,1.075,1.795,0.755,-0.525,1.545,0.91,0.975,-0.835,1.185,1.315,0.135,-0.04
Grhl1,9.55,9.545,8.99,8.975,9.86,9.16,9.215,9.245,9.53,5.975,5.505,4.955,5.565,4.66,5.33,4.08,5.695,4.775,4.445,5.18,4.105,4.465,4.26,4.04,3.605,4.225,4.665,4.42,2.46,1.205,3.195,3.445,4.345,3.105,0.93,-1.55,-2.515,-2.395,-1.505,2.195,4.135,1.71,1.13,1.835,2.305,0.48,2.37,2.445,0.055,1.59,-1.725,-2.635,-1.605,-1.33,1.725,-1.105,-1.655,-0.435,-0.055,-1.565,-3.33,-3.485,-1.345,-3.21,0.3,-3.34,2.02,2.77,0.13,-0.11,2.87,0.765,-2.72,0.385,1.745,2.895,2.575,1.105,2.235,-1.22,1.215,1.475,1.215,-4.405,2.415,1.345,0.515,1.435,-3.475,-3.585,-3.64,-1.475,-4.475,1.98,2.395,0.825,1.08,-3.645,1.335,0.175,-0.005,-4.205,-4.62,-4.3,-3.035,2.105,0.24,0.675,0.15,-0.46,-2.08,1.625,0.43,2.135,1.22,0.555,-0.085,0.265,1.285,0.425,-2.685,-3.02,1.685,1.18,-3.85,-4.045,-2.825,0.225,3.76,3.425,2.685,2.55,2.835,2.49,1.575,-0.36,2.02,0.51,0.305,-3.72,-0.58,0.345,-0.47,0.325,-3.41,1.385,-1.935,-3.49,0.205,-2.565,0.42,3.175,3.13,0.96,1.96,0.95,2.07,0.965,0.575,2.51,2.16,-2.68,-3.395,-3.715,-1.43,0.835,-0.84,1.36,2.06,2.94,-0.305,-47.725,-40.975,-41.225,-43.375,-5.6,-4.605,-5.595,-4.955,-5.71,-5.79,-0.05,-6.375,-0.555,-2.245,-5.335,-4.575,0.435,-3.855,-4.35,0.005,-5.82,-5.295,-4.96,-5.76,-5.665,-5.125,-0.88,-5.5,-5.255,-2.64,-6.35,-5.795,-0.915,-6.315,0,0.47,0.88,-0.76,-5.5,-6.23,-6.145,-3.71,-0.07,-1.525,-4.815,-3.55,-3.055,0.17,-4.135,-0.39,-0.19,0.81,0.69,0.44,-4.3,-0.005,-4.005,-3.995,-3.3,-4.24,-3.655,-0.3,-0.09,0.21,-4.63,-1.57,-5.535,-3.04,-3.14,-5.06,-4.46,-3.92,-5.16,-3.55,-5.255,-5.435,-4.32,-5.155,-5.37,-4.515,-4.585,0.295,-0.55,-4.575,-4.82,-4.2,-4.325,0.02,-1.835,-0.315,-3.865,-5.125,-5.075,-4.315,-2,4.105,-0.225,-1.075,-0.27,-1.17,-3.96,-4.14,-0.39,-3.805,-4.68,-5.17,-4.77,-4.16,-3.98,-5.605
Grhl2,-0.155,0.47,-1.565,-0.86,0.265,-0.605,-1.7,-0.81,-1.575,2.14,2.68,2,2.96,1.935,2.775,2.555,2.93,3.12,3.29,2.935,2.99,2.96,2.405,2.315,2.58,2.33,2.99,2.355,1.475,1.59,2.59,2.43,1.83,3.17,4.235,5.095,3.16,3.05,4.73,3.79,3.67,3.075,3.395,0.79,2.5,1.215,2.875,1.94,0.87,1.405,4.28,3.07,-0.85,2.125,2.14,2.23,2.07,3.39,4.68,2.41,1.825,2.31,2.34,1.705,1.155,1.455,1.585,3.455,1.925,1.725,1.915,1.99,2.855,2.61,2.02,3.04,2.99,2.49,2.33,2.475,2.22,2.06,1.51,0.4,2.47,2.62,3.05,1.98,2.26,2.64,1.215,0.71,-0.14,0.645,0.36,1.91,1.725,2.36,1.9,1.66,2.25,0.4,0.135,0.685,0.8,2.68,1.635,-0.15,1.045,0.465,0.945,1.21,1.215,2.36,1.155,0.67,1.77,1.36,1.88,2.4,2.33,1.715,1.85,1.635,1.105,1.84,1.7,1.92,2.785,2.78,1.65,2.165,2.03,1.975,2.29,1.465,1.735,0.225,0,1.885,-1.055,0.97,1.005,1.3,2.135,2.52,1.94,1.465,1.4,0.5,2.005,2.72,-0.715,1.305,1.615,1.485,0.695,-0.35,1.04,1.205,-0.865,-1.445,2.37,1.52,3.655,2.88,0.395,0.025,1.565,1.525,-0.64,-0.8625,-0.3575,0.1675,-0.1175,-1.285,0.41,-3.71,-1.68,-1.485,-1.785,-1.115,-2.22,-0.28,-1.94,-1.23,-0.53,-2.8,0.21,-0.705,0.23,-0.525,-1.87,0.265,-2.455,-2.09,0.36,-1.455,-1.275,-2.79,-1.385,-1.665,-2.36,-1.21,-3.61,-1.805,-0.475,-0.345,-2.365,-1.595,-0.395,-1.76,-0.155,0.025,-0.88,-7.49,-4.805,-1.49,-1.935,-1.66,-1.835,-0.835,-1.385,1.265,0.335,-1.185,-3.19,-1.56,-1.86,-2.695,-6.915,-0.82,-1.865,-0.445,-0.445,-2.375,-0.395,-3.2,-7.725,-5.815,-2.645,-7.135,-1.365,-2.835,0.475,-1.25,-1.69,-2.035,-2.12,-1.365,-0.17,-0.26,-2.83,-2.575,-2.36,-0.245,-0.665,-0.92,-2.365,-2.24,-2.34,-2.2,-0.68,-2.93,-1.62,2.195,0.61,-2.71,-2.27,-1.595,-6.785,-1.805,-1.295,-0.905,-6.48,-7.355,-7.845,-7.445,-6.835,-6.655,-0.99
Hand1,-5.52,-0.945,-1.38,-6.205,-5.07,-6.01,-1.475,-6.245,-5.67,1.245,-3.365,-4.505,-3.965,-3.45,-3.99,-0.59,3.455,2.695,0.615,-3.82,0.125,-0.285,5.43,5.7,7.355,6.455,6.995,3.05,5.36,8.215,7.425,7.175,8.445,7.855,8.73,7.85,6.955,7.735,7.995,7.885,8.445,8.56,6.16,7.745,7.155,4.93,7.76,8.725,7.645,6.23,8.565,7.985,5.935,7.38,8.745,7.785,8.225,6.875,8.005,4.675,7.59,6.655,7.285,6.8,7.91,7.57,5.9,8.57,6.64,7.06,7.14,6.575,6.63,5.955,6.535,8.285,8.115,7.455,7.285,6.73,8.415,6.895,6.925,5.885,7.955,6.905,7.965,7.215,7.875,7.265,4.17,4.665,4.605,6.27,8.115,6.415,7.61,7.795,7.365,6.535,6.115,3.665,1.64,2.35,6.285,6.195,5.91,4.065,3.53,1.2,0.46,2.635,4.76,3.745,-4.84,2.165,0.145,-1.845,2.955,3.235,2.485,2.65,-0.235,4.46,-3.99,5.855,3.715,2.795,3.62,4.875,3.385,3.73,2.945,2.26,4.985,2.92,4.44,3.24,3.035,4.46,4.29,2.975,1.89,-4.505,-3.55,-2.085,4.655,4.01,6.225,5.855,4.08,3.965,1.55,2.08,2.86,3.78,5.48,4.155,4.755,3.86,2.5,5.33,4.835,1.225,-1.57,1.755,3.11,3.66,4.82,6.08,2.965,-14.025,-42.375,15.125,0.8075,1.64,0.575,0.605,-0.035,-1.69,0.53,-5.36,-6.515,-0.795,-6.045,-0.915,-4.715,-4.795,-3.995,-4.49,-5.495,-5.96,0.895,0.77,0.51,0.635,3.755,1.9,-0.45,-5.395,-0.25,1.59,3.095,0.405,-6.455,-5.54,2.1,-0.07,1,-5.64,-0.21,-0.855,2.29,2.76,-5.485,-4.955,1.21,-3.195,0.01,1.195,-4.23,-3.59,2.27,2.19,2.36,1.4,-4.115,2.655,-4.135,0.06,-0.19,-3.795,1.79,-0.52,-5.44,-4.77,-0.15,-5.675,1.4,-3.28,-5.2,-1.47,0.82,-5.3,-3.69,-5.395,-5.575,-4.46,0.035,0.13,0.685,1.835,1.335,-1.08,1.515,-4.96,-4.34,-4.465,-0.86,-1.365,0.685,1.885,0.385,-1.345,-4.455,4.25,3.815,1.095,-0.835,1.1,-4.25,-4.1,-4.28,-4.04,-3.945,-4.82,-5.31,-4.91,-4.3,-4.12,0.965
Hnf4a,5.44,6.235,5.05,3.285,6.48,5.46,4.695,4.115,4.67,4.335,4.985,4.905,4.015,6.63,4.75,5.85,6.115,4.645,-0.075,5.27,3.635,4.025,3.45,-0.22,0.065,-0.855,-0.115,4.07,1.07,4.905,4.885,1.355,1.135,1.995,2.36,2.07,1.105,1.225,2.115,1.765,2.075,1.27,-0.05,0.135,0.535,0.37,0.59,1.575,-0.505,3.43,1.895,4.055,-1.055,2.29,1.105,2.515,1.965,3.185,3.565,2.055,0.29,0.135,0.065,0.41,0.31,0.28,0.39,-0.37,-0.12,-0.56,0,0.205,0.9,0.265,0.285,0.685,0.195,-0.385,-0.225,-0.35,0.035,0.055,-0.595,-0.785,0.625,0.435,0.805,0.265,0.145,0.035,-0.02,-0.825,-0.855,-0.85,0.715,0.015,0.07,-0.025,0.095,-0.095,-0.725,-0.585,1.28,-0.68,-0.885,0.245,0.37,-0.565,-1.08,-1.59,-0.78,-0.815,-0.12,-0.215,-1.08,-0.915,-0.635,-0.835,-0.255,-0.075,0.505,0.6,0.595,-1.05,-0.23,-0.425,0.795,-0.315,6.05,1.235,1.445,0.67,0.785,0.38,-0.005,3.73,-1.04,0.37,-0.235,-0.1,-0.16,-1.245,-0.91,-0.745,0.21,1.675,1.685,0.13,4.905,3.685,-0.09,0.335,-0.15,0.05,4.31,0.27,0.49,-0.895,-0.215,0.74,0.44,0.94,0.225,-0.095,2.19,1.785,-0.98,-0.04,0.38,0.71,2.555,55.425,69.875,62.075,58.475,0.3,2.475,-1.975,-1.335,2.87,-2.17,3.36,2.285,5.135,5.445,3.195,3.915,4.455,6.605,-0.73,4.095,4.21,4.865,6.3,1.67,4.465,7.23,5.24,5.05,4.535,4.11,5.88,5.485,3.995,3.935,4.03,6.91,7.04,4.07,1.16,2.84,2.765,-0.09,0.74,-1.725,-1.195,5.2,6.725,4.87,-0.515,-0.47,0.17,-0.31,0.12,4.92,3.31,3.775,5.895,5.645,6.04,-0.62,4.395,-0.4,-0.88,4.38,3.97,1.43,-1.915,2.26,0.48,-1.44,-0.84,-0.3,-1.54,0.07,-1.635,0.515,-0.7,-1.535,1.33,-0.895,5.085,4.505,5.46,4.775,6.17,4.38,2.275,5.39,6.095,7.535,4.015,4.585,5.835,7.625,5.23,8.775,8.285,4.015,1.29,-0.49,-0.34,4.85,-0.28,6.135,7.35,7.29,6.64,5.46,6.85,3.465
Id2,1.68,1.435,2.34,2.625,2.19,1.97,2.185,1.885,1.96,0.795,0.475,1.785,2.855,1.82,0.62,1.1,2.155,0.055,0.765,-0.64,-0.675,0.425,-0.76,0.16,0.885,1.495,0.135,-4.13,-0.34,-0.855,-0.635,-3.825,-4.045,-2.325,0,-0.02,-2.085,-3.955,-2.425,-3.415,-3.105,-3.91,-1.79,-3.085,0.965,-0.84,-0.05,-3.605,-5.685,-1.82,-3.285,-3.785,-6.235,-12.89,-4.075,-2.665,-0.445,-1.995,-1.615,-3.125,-4.89,-2.935,-5.115,-4.77,-4.87,-4.9,-4.79,-3.54,-4.46,-5.74,-1.16,-2.885,-4.28,-4.915,-4.895,-4.495,-1.165,-2.865,-3.115,-0.94,-0.505,-1.135,-1.145,-0.575,-0.915,-0.705,0.915,0.845,-0.425,-2.625,-5.2,-4.635,-6.035,-6.03,-4.465,-5.165,-5.11,-5.205,-5.085,-3.725,-1.745,-2.205,-6.18,-4.68,-6.065,-1.355,-1.08,-0.365,1.89,2.88,0.79,2.195,-3.05,0.405,1.56,2.155,4.015,3.405,2.225,0.195,1.025,1.83,0.545,1.55,-3.1,-0.945,4.005,2.255,2.3,0.165,-3.735,1.09,1.315,-1.35,-3.415,1.35,0.69,6.8,2.555,3.54,2.85,1.145,0.53,1.795,5.32,2.865,0.015,-5.05,-4.975,-4.125,-1.42,-2.945,-1.39,-2.3,-5.17,-4.91,-3.57,-2.945,-5.395,-2.43,-4.74,-4.24,-4.955,-3.355,-2.99,1.285,-0.52,-5.22,-4.8,-4.47,-6.705,-63.325,-39.175,-31.825,-58.975,-7.16,-6.165,-7.155,-6.515,-7.27,-7.35,-6.78,-3.185,-7.005,-7.465,-4.045,-0.795,-4.305,-5.415,-5.91,-3.975,-7.38,-6.855,-3.31,-7.32,-7.225,-6.685,-3.6,-4.71,-6.815,-3.31,-7.91,-7.355,-4.295,-4.455,-6.96,-6.5,-2.33,-6.69,-4.34,-3.74,-2.345,-5.27,-2.1,-6.905,-6.375,-5.11,-4.615,-4.43,-5.695,-5.65,-5.01,-5.49,-5.06,-5.72,-5.86,-5.535,-5.565,-5.555,-4.86,-5.8,-5.215,-5.58,-6.06,-6.86,-6.19,-4.78,-7.095,-6.61,-4.7,-6.62,-2.22,-5.48,-6.72,-5.11,-6.815,-6.995,-5.88,-6.175,-5.93,-1.735,-2.595,-4.685,-2.07,-1.515,-0.39,-5.76,-5.885,-6.57,-7.355,-5.875,-5.425,-6.685,-6.635,-5.875,-0.63,-2.785,-2.865,-6.365,-3.13,-5.67,-3.88,-0.87,-1.38,-5.365,-1.89,-0.68,-2.78,-4.67,-2.18,2.065
Klf2,1.135,2.02,1.755,0.65,1.995,1.185,1.46,0.66,1.475,3.7,4.28,0.3,3.16,3.615,2.895,3.815,4.46,4,3.35,2.175,3.3,2.73,1.965,4.045,5.49,4.26,3.63,3.915,5.675,4.88,6.72,7.11,6.97,6.91,7.315,7.455,6.97,7.09,7.27,7.4,6.83,6.645,6.755,6.51,5.46,4.725,4.235,7.25,5.85,4.745,5.69,4.21,3.77,5.855,3.54,4.09,4.48,5,5.57,5.91,4.595,5.19,4.72,3.495,6.495,6.355,5.835,6.475,4.895,3.405,2.405,4.38,4.995,3.97,5.39,3.7,3.35,3.94,3.59,3.295,3.68,2.84,4.62,3.8,5.53,6.14,5.23,5.15,4.16,3.15,4.955,2.48,1.84,1.115,3.59,5.78,4.645,5.09,4.94,5.4,3.42,1.88,2.965,3.165,3.63,3.69,4.255,4.11,2.845,1.935,1.205,2.13,3.825,3.38,1.335,1.9,2.46,2.87,1.89,4.54,4.38,3.525,3.4,3.355,2.875,3.75,3.98,3.41,3.965,5.46,4.06,4.475,3.93,4.565,5.07,2.585,1.695,2.555,2.99,3.705,3.195,2.78,3.675,3.37,-0.505,3.84,2.44,3.505,4.35,3.92,3.285,4.14,4.595,4.415,3.635,4.185,4.195,3.79,3.11,3.635,3.765,4.565,3.71,2.45,4.285,3.04,1.935,3.045,2.515,4.615,1.15,0.1425,23.175,-0.2075,-0.4275,2.215,2.89,1.49,2.15,2.325,2.085,2.055,-0.72,1.9,1.55,1.12,-0.63,-6.34,0,0.665,1.06,0.135,1.51,0.295,1.185,1.83,0.92,-1.405,-2.005,0.61,0.125,1.765,0.8,2.01,1.77,2.175,2.725,2.475,-1.195,-1.695,0.345,1.18,2.475,2.455,0.14,2.31,2.445,3.46,0.935,3.57,1.955,2.615,1.455,2.645,1.595,2.675,1.92,1.41,1.32,-4.985,-5.925,-5.34,-0.475,-6.185,0.435,-0.875,-2.745,-3.83,-6.735,-4.825,-6.745,-6.145,-1.025,-6.845,-1.285,-6.94,-4.22,-6.005,-5.3,-6.795,-6.2,-6.27,-2.17,-1.555,-3.09,-1.355,-3.265,-1.81,-6.695,-4.19,-6,-5.55,-6.81,-6.76,-6,-3.685,-2.91,-6.43,-6.49,-6.295,-5.795,-5.645,-5.825,-5.585,-5.49,-6.365,-3.775,-6.455,-5.845,0.245,-0.12
Klf4,1.955,1.64,1.045,0.47,1.295,0.465,1.33,1.44,1.715,3.53,3.34,3.03,3.04,3.585,3.125,2.885,4.03,3.69,3.61,3.725,2.94,3.55,3.185,3.225,3.58,3.32,3.89,4.145,3.865,3.02,3.37,3.09,3.55,4.48,4.275,3.795,3.45,4,4.31,3.74,4.9,4.125,3.015,2.12,2.73,2.045,3.425,4.46,2.75,1.585,3.71,3.31,1.01,2.215,2.89,1.98,1.78,1.01,3.44,-0.05,0.115,1.14,0.48,-2.545,3.755,1.855,2.575,2.425,0.325,1.965,2.725,1.89,1.405,1.41,1.19,3.57,3.94,2.48,2.35,2.915,1.9,2.65,1.69,1.77,2.9,3.03,2.56,2.61,2.49,1.9,2.545,1.83,1.31,0.935,3.03,2.66,1.785,2.19,1.6,3.65,0.84,1.78,0.325,2.275,1.86,2.47,2.335,1.68,0.695,-0.135,2.385,1.6,3.015,2.28,2.095,1.19,1.72,1.99,1.11,2.15,1.7,2.505,0.44,1.485,3.365,3.28,2.22,-1.65,2.525,2.83,3.74,3.705,2.53,3.175,3.14,1.845,1.985,-0.085,0.37,0.775,1.155,0.47,1.035,-0.76,-0.665,1.95,0.7,1.545,3.4,3.06,2.715,3.84,3.295,3.445,2.995,3.885,4.045,2.24,2.89,3.445,4.595,5.225,2.88,3.3,2.245,3.03,0.365,3.175,2.195,2.145,-4.97,-0.0825,0.8325,-0.5275,0.9175,1.975,0.84,1.25,1.45,0.255,-1.155,1.605,-0.89,0.06,0.92,0.89,1.05,-1.94,0,0.18,-1.68,-1.065,-2.35,0.685,0.215,0.76,0.75,-1.415,-2.395,-0.37,-2.125,-0.835,-0.25,-0.98,0.42,1.105,1.435,1.945,-0.945,-1.635,-0.735,0.24,2.225,2.015,2.23,1.45,3.325,2.64,1.765,3.16,2.515,2.075,2.795,0.825,1.305,3.315,1.92,0.39,0.09,-0.545,-0.865,2.02,-1.735,-2.775,1.475,-0.995,-0.785,-3.56,-4.305,-2.265,-2.145,-0.935,0.765,-1.205,0.445,-0.14,-0.54,-2.325,-5.88,-0.055,-0.55,-0.24,-0.2,-0.365,-0.42,-0.775,0.685,1.33,0.705,-0.06,0.58,0.33,0.3,-0.1,-0.58,-1.015,-2.5,-1.5,-2.13,-1.475,-4.485,0.365,-1.045,-1.285,0.32,-1.125,-1.505,-1.505,0.585,0.625,0.25
Klf5,-6.135,-6.11,-6.655,-6.82,-5.685,-6.625,-6.94,-6.86,-6.285,-1.04,0.12,-0.6,0.29,-0.625,0.005,-0.755,-1.28,-3.44,0.04,-0.585,-2.87,-0.46,-0.095,-0.435,-1.8,-1.96,0.05,-3.235,-0.585,0.68,-1.29,0.6,-0.82,0.12,-0.675,-2.305,-1.05,0.09,0.48,-0.7,-0.16,-0.175,1.375,0.79,1.32,-0.935,1.965,-1.53,-0.08,1.965,4.03,0.2,1.34,3.115,2.93,2.58,3.72,1.2,3.52,3.25,3.075,0.11,1.91,0.455,4.225,4.115,2.365,0.365,2.505,3.685,3.185,2.67,3.575,2.43,2.82,4.2,3.22,3.72,3.16,3.525,2.69,3.42,2.88,2.47,4.23,3.81,4.28,3.98,4.18,2.21,3.215,1.5,2.36,3.415,3.06,2.27,2.735,3.75,2.15,3.66,2.83,2.29,2.185,3.115,1.27,2.99,4.125,3.56,3.595,3.045,3.195,2.39,3.635,1.98,2.515,2.72,3.42,3.46,2.82,3.29,2.91,3.235,3.86,1.185,2.955,2.01,3.84,3.58,3.875,4.25,4.69,4.535,3.52,4.265,3.62,2.895,2.885,2.435,3.64,2.935,3.925,1.75,2.455,2.36,2.005,3.8,3.54,3.055,4.25,4.17,3.345,3.98,3.905,3.525,3.655,3.405,4.675,3.33,3.56,3.995,4.815,4.675,3.5,4.03,4.705,4.63,3.195,3.575,3.925,3.835,-1.83,-0.8975,0.3325,0.3225,19.975,-0.915,0.08,0.46,-0.39,-1.245,-1.875,-0.515,0.86,-0.8,0.03,-0.46,0.92,0.02,-0.37,0.565,0.12,-0.655,-0.44,0.005,-1.025,-1.34,0.125,-1.105,0.575,-0.1,0.205,0.155,-3.74,-0.47,-0.23,-0.905,0.315,0.615,-2.545,-0.415,-1.075,-1.03,-0.205,-0.225,-2.35,-3.7,-0.385,-2.01,-4.695,-1.74,-0.685,-3.725,0.005,-0.185,-0.945,-0.145,-2.03,-2.97,-0.74,-0.395,-4.735,-0.02,-1.335,1.315,-0.125,0.835,-0.325,-0.33,0.435,-1.485,0.275,0.865,-0.875,-0.585,0.885,0.38,-0.24,0.415,-0.48,-0.305,0.31,-1.09,-0.65,-0.395,-0.47,-0.175,0.075,0.35,-1.735,-0.97,-0.91,0.03,-0.73,-1.42,-1.04,1.335,-1.72,-0.56,-2.77,0.505,-0.965,-1.715,-0.705,0.015,0.36,-0.355,-0.835,-0.305,0.045,-2.475,-1.04
Krt8,1.985,2.31,0.975,1.86,-0.155,2.465,2.34,2.81,2.895,-6.58,-5.97,-2.64,-6.57,-6.055,-6.595,-6.575,-5.77,-6.06,-6.15,-2.025,-1.68,-6.3,-6.875,-6.585,-0.23,-1.53,0.08,-6.485,-5.295,-5.46,-5.41,-5.01,-4.74,-4.37,-4.005,-4.295,-0.31,-5.14,-4.25,-4.6,-0.08,-0.035,-2.735,-5.4,-5.83,-1.925,0.545,-4.79,-2.75,-4.615,-4.47,-5.38,-3.05,-4.075,-5.26,-3.85,-4.4,-3.18,-2.8,-4.31,-6.075,-6.23,-6.3,-5.955,-6.055,-6.085,-5.975,-6.735,-2.065,1.055,1.055,-1.68,1.065,-2.4,-0.87,0.54,2.16,0,-6.59,-0.365,1.2,-6.31,-0.25,0.38,-1.25,0.39,-0.64,1.11,0.76,-1.32,0.875,1.34,0.59,-1.135,1.62,0.91,0.675,0.87,-0.58,-0.92,0.06,-0.66,0.815,-0.845,0.31,2.92,2.765,2.49,0.235,0.585,-0.205,-7.18,-6.485,-0.36,0.405,1.26,2.19,0.94,1.53,-1.23,-2.05,-5.765,-0.41,0.735,-1.755,1.35,1.23,0.99,1.585,1.69,0.76,-1.105,0.55,1.015,-1.22,0.795,0.885,4.085,1.54,2.015,1.595,2.64,2.685,1.9,-0.015,2.24,-0.11,-6.235,-6.16,-1.96,-6.455,-1.74,-2.575,-2.025,-0.675,-4.145,-5.875,0.88,-0.03,-0.065,0.545,-1.165,-0.59,-1.11,-4.175,-4.58,1.615,0.155,0.305,2.245,0.27,-15.325,0.2175,13.725,16.225,-1.025,-1.92,-0.67,-0.32,0.085,-2.295,-0.095,0.71,-0.53,-2.44,-1.33,1.38,1.44,-5.28,-7.095,-2,-0.485,-0.03,-0.445,-0.565,-0.04,0.06,-0.075,1.185,0.84,0.985,-0.675,-1.08,0.59,0.59,0.725,0.535,-0.115,0.015,1.525,1.925,0.24,-6.455,-2.195,-4.48,-7.56,-6.295,-5.8,-3.915,-6.88,-6.835,-6.195,-6.675,-6.245,-6.905,-7.045,-6.72,-6.42,-6.74,-6.045,-4.985,-6.4,-6.765,-2.135,0.195,0.305,0.255,-0.23,0.305,-5.885,-7.805,-7.205,-5.685,-5.605,-6.295,-1.88,-1.97,-3.225,-1.42,-4.935,-2.78,-2.66,-2.29,-2.965,-1.11,-0.045,-5.085,-0.51,-0.445,-4.31,-7.06,-5.15,-4.7,-6.47,-7.06,-4.745,-3.97,-7.49,-0.94,-0.385,-6.765,-6.705,-5.645,-6.645,-6.55,-7.425,-6.585,-7.515,-6.905,-4.575,-1.64
Lcp1,-0.065,0.03,0.805,1.05,0.405,1.095,1.35,1.93,1.475,-0.6,-0.42,-5.17,-1.42,-1.995,-2.305,-3.345,-3.44,-4.12,-4.48,-4.485,0,-0.52,-3.245,-2.045,-0.4,-0.08,-1.76,-1.665,-0.855,-0.84,-3.47,-1.29,-3.29,-2.43,-0.765,0.065,-1.48,-2.59,-0.19,-2.66,0.12,-2.795,-0.165,-0.69,-2.8,-0.805,-3.835,-2.85,-4.33,-2.005,-2.53,-3.44,-2.12,0.075,1.46,1.29,-2.46,-1.24,-0.86,-2.37,-3.245,-4.29,-1.13,-2.545,-1.465,-4.075,-0.485,-2.185,-0.935,-4.985,-3.275,-4.22,-3.525,-4.16,-4.14,-3.74,-4.23,-4.81,-4.65,-4.775,-4.39,-2.7,-1.7,-5.21,-0.92,-3.99,-3.62,-4.16,-0.84,-0.4,0.335,-3.51,-0.47,-1.735,-0.87,-0.83,-4.355,-1.44,-1.76,-3.28,-2.4,0.7,-0.765,-1.905,-1.12,-0.3,0.875,-0.69,-2.105,-2.845,-2.735,-0.24,0.945,0.6,-0.155,1.34,-0.77,0.22,1.58,-0.4,-0.32,0.915,0.32,0.245,-4.655,-0.05,-0.4,0.98,-3.265,-0.07,-0.67,-0.275,0.44,-1.115,-1.92,-1.335,1.095,-0.705,0.64,0.535,-1.515,-0.11,-0.185,-0.14,-4.215,-2.75,-2.5,-1.005,0.52,-3.18,-1.865,-0.35,-1.735,-4.375,-0.915,1.655,-1.115,-1.17,0.09,-1.605,2.015,-0.835,-1.7,-4.52,0.535,-2.62,-0.675,-0.385,0.165,2.105,-2.35,-0.7275,-28.225,0.2275,11.125,0.755,1.89,2.34,2.3,1.595,-0.065,1.005,-0.58,1.83,1.46,-2.27,0.59,2.68,-0.23,0.16,-0.88,0.145,-0.27,2.515,2.095,-0.44,0.6,-0.145,-1.095,-2.45,-3.215,-2.115,-0.9,-3.72,1.22,2.115,1.115,-1.045,1.735,0.615,0.325,-0.54,0.935,0.495,-0.57,-1.72,-0.935,-0.61,-4.745,-1.41,-1.835,-1.655,-1.075,-4.305,1.615,-0.655,-1.35,-2.83,-0.2,-3.845,-3.125,-0.88,-3.535,0.225,1.495,0.505,-2.075,0.93,0.215,-3.945,-2.695,-2.305,-1.875,-3.255,-0.805,-1.5,-0.09,-2.705,-3.92,-1.975,-0.41,-5.39,-5.22,-5.825,-5.38,-5.625,-5.005,-2.49,-3.825,-3.3,-4.74,-4.67,-3.36,-2.44,-4.75,-0.385,-2.03,-2.88,-1.29,-3.105,-2.845,-1.435,-1.255,-3.445,-4.61,-3.535,-5.975,-2.825,-4.965,-4.785,-0.33
Mbnl3,-1.165,-0.37,0.855,0.65,0.785,-0.275,0.33,1.24,-0.635,2.67,4.12,-0.14,-0.49,2.675,1.035,2.825,1.39,2.32,0.42,2.805,-0.74,2.36,2.845,2.095,2.41,3.59,4.16,3.145,0.945,4.01,3.94,2.07,3.34,4.04,2.955,2.845,1.73,4.05,6.02,1.03,2.5,3.745,2.165,3.12,-0.15,1.035,1.975,4.41,3.25,3.545,3.47,-0.54,2.17,-1.005,-2.19,3.87,-1.33,2.68,0.27,-1.24,1.405,7.62,4.25,3.015,1.385,1.885,1.665,2.335,4.315,-0.255,0.705,3.34,1.695,3.71,3.57,-0.53,-3.1,0.89,0.62,3.295,1.26,6.64,6.56,1.08,0.12,-0.7,-2.49,-1.09,0.82,0.52,4.285,-4.12,-0.22,-0.775,3.62,4.52,6.675,0.77,-3.2,-0.56,-4.02,0.1,2.175,-1.955,2.93,-0.37,0.265,2.12,0.755,-0.015,2.035,2.47,0.655,-3.51,-4.375,0.12,2.15,-4.13,-3.55,-0.88,-0.37,-2.695,-0.37,-4.345,-3.525,-3.72,-2.5,0.73,-2.135,-2.06,0,-0.115,-2.51,0.865,1.18,-1.465,-1.775,-2.495,-0.78,1.785,0.415,0.58,3.025,-0.43,1.735,-1.62,-1.61,-3.165,-3.09,-2.24,-3.385,-2.96,-1.505,-3.245,-3.285,0.925,0.045,0.25,-0.27,0.845,0.135,1.785,-3.07,-0.59,-1.105,-1.51,-0.895,-3.335,-2.915,-1.255,-2.82,-44.475,-12.625,-37.975,-40.125,-5.275,-4.28,-5.27,-4.63,-2.645,-2.275,-3.265,-6.05,-5.12,-5.58,-5.01,-4.25,-4.33,-3.53,-4.025,-5.03,-5.495,-4.97,-4.635,-5.435,-5.34,-4.8,-4.675,-4.085,-4.93,-6.165,-6.025,-5.2,-2.01,-5.99,-5.075,-4.615,-4.015,-4.805,-5.175,-2.805,-5.69,-3.385,-3.465,-5.02,-4.49,-3.225,-2.73,-1.305,-3.81,-3.765,-3.125,-3.605,-3.175,-3.835,-3.975,-3.65,-3.68,-3.67,-2.975,-3.915,-3.33,-3.695,-4.175,-4.975,-4.305,-5.485,-5.21,-4.725,-2.645,-3.595,-2.575,-3.595,-2.085,-3.225,-2.54,-3.68,-3.995,-4.83,-5.045,-4.19,-2.67,-4.09,-4.695,-4.25,-4.495,-2.175,-3.22,-1.625,-5.47,-0.87,-3.54,-4.8,-4.75,-2.46,-1.675,-0.9,-4.42,-0.31,2.065,-3.785,-3.635,-1.695,-3.575,-0.64,-4.355,-1.415,0.255,-3.835,-1.855,-1.62
Msc,-3.27,-3.245,-3.79,-3.955,-2.82,-3.76,-4.075,-3.995,-3.42,-1.725,-1.115,-2.255,-1.715,-1.2,-1.74,-1.72,-0.915,-1.205,-1.585,-1.57,-2.365,-1.445,-2.02,-1.73,-1.445,-2.365,-1.625,-1.63,-0.44,-0.605,-0.555,-0.155,-0.375,0.485,4.02,3.67,-0.405,-0.285,0.605,0.255,0.565,0.04,-1.56,-1.375,-0.975,-1.14,-0.92,0.065,-2.015,-1.44,3.475,-0.525,-2.565,0.78,-0.405,4.265,1.985,1.675,2.055,0.545,-1.22,-1.375,-1.445,-1.1,-1.2,-1.23,-1.12,-1.88,-1.63,3.02,2.71,-1.305,-0.61,-1.245,-1.225,-0.825,-1.315,1.355,3.055,2.06,1.825,2.255,-2.105,1.475,-0.885,-1.075,-0.705,-1.245,0.295,-1.475,-1.53,-0.805,2.525,-2.36,3.045,-1.495,-1.44,2.315,2.165,-1.605,-2.235,-1.945,-1.32,-2.19,2.455,3.445,3.87,1.815,4.12,2.68,1.45,0.005,-1.63,3.525,-2.43,3.895,3.555,3.545,-1.765,3.545,4.865,5.22,3.225,1.74,-1.74,3.555,3.215,3.415,5.85,5.115,3.565,3.18,4.195,4.99,4.815,2.9,3.6,0.02,4.235,3.74,-1.67,0.155,-0.89,0.875,-0.52,0.165,0.175,3.43,1.915,1.755,3.79,4.165,2.77,2.96,4.52,3.57,4.71,1.385,3.525,3.83,4.68,5.04,3.555,3.835,5.81,5.065,3.22,4.48,3.35,4.59,-3.035,-23.925,34.525,0.8625,-22.275,5.3,2.755,2.215,2.305,-3.6,-3.68,-3.11,-0.275,2.865,3.405,0.125,2.755,3.675,2.925,-2.24,-3.245,-3.71,1.815,3.22,-3.65,1.865,2.92,2.17,2.09,0.945,-0.98,-0.58,-3.685,-4.025,-4.205,0.12,-1.78E-15,1.4,2.84,0.98,1.67,-4.035,-1.6,-1.63,-3.235,3.425,3.81,5.855,2.94,4.465,5.87,3.33,4.92,3.78,3.73,4.1,-1.865,-1.895,-1.885,-1.19,3.51,2.465,4.95,-2.39,1.17,2.65,2.08,1.315,3.74,3.21,3.57,-2.35,-1.81,1.56,2.9,-1.125,-3.325,-2.21,2.495,-3.26,-2.405,-2.475,-2.305,-2.91,-2.465,-2.71,-2.09,-2.215,-2.9,-3.685,-2.205,-1.755,-3.015,-2.965,-2.205,0.11,0.885,-2.635,-2.695,-2.5,-2,-1.85,-2.03,3.16,-1.695,-2.57,-3.06,-2.66,-2.05,-1.87,-3.495
Msx2,0.93,-2.485,-4.35,0.985,1.86,2.15,1.495,-0.565,-3.98,-2.285,1.725,-2.815,-2.275,1.54,-2.3,-2.28,-1.475,-1.765,-2.145,-2.13,-2.925,-2.005,1.97,2.33,-2.005,-2.925,-2.185,-2.19,-1,-1.165,-1.115,-0.715,-0.935,-0.075,0.29,0,-0.965,-0.845,0.045,-0.305,1.215,-0.8,-2.12,-1.935,-1.535,-1.7,-1.48,-0.495,1.575,2.36,3.725,-1.085,-3.125,0.22,-0.965,0.445,4.275,1.115,1.495,-0.015,-1.78,-1.935,-2.005,-1.66,-1.76,-1.79,-1.68,-2.44,-2.19,1.97,2.92,2.015,-1.17,-1.805,-1.785,-1.385,-1.875,-2.455,-2.295,2.76,-2.035,-2.015,-2.665,-2.855,-1.445,-1.635,-1.265,2.335,0.805,-2.035,-2.09,-2.895,-2.925,-2.92,-1.355,2.405,-2,-2.095,-1.975,-2.165,-2.795,2.885,1.68,0.91,1.755,3.535,3.22,2.045,4.08,2.59,3.15,4.605,-1.04,-1.655,2.51,2.515,3.165,2.605,4.355,3.855,3.645,-1.47,2.015,2.68,-2.3,1.315,2.685,4.215,5.99,3.935,3.565,4.23,5.015,4.12,2.335,1.18,-3.11,-4.45,-2.305,-2.17,-2.23,-3.315,1.93,0.915,1.53,-0.395,-0.385,-1.94,-1.865,-1.015,3.47,3.765,2.69,-2.02,-2.06,-1.8,-1.58,-2.965,-2.285,2.91,-1.63,2.88,-1.845,-2.165,0.12,-0.285,-3.05,1.92,4.49,0.98,-3.595,-0.2175,-25.475,-25.725,-27.875,-4.05,-3.055,1.075,-3.405,1.12,2.98,0.53,0.735,0.815,-4.355,-3.785,0.845,2.095,-2.305,1.35,0.015,0.26,1.925,-3.41,-4.21,-0.835,-0.75,-4.94,1.12,-3.705,-4.94,1.97,-1.435,-4.585,-4.765,-1.12,1.21,-2.79,-3.58,-0.89,-0.97,2.255,1.65,-2.24,-3.795,-3.265,-2,-1.505,-2.39,-2.585,-2.54,-1.9,-2.38,-1.95,-2.61,-2.75,-2.425,-2.455,-2.445,4.03,-2.69,-2.105,-2.47,-2.95,-3.75,-3.08,-4.26,0.635,2.28,2.98,2.32,1.9,3.72,1.64,3.32,2.525,1.215,-2.77,0.345,1.56,2.295,1.385,2.375,0.68,-3.025,-0.01,0.07,0.615,3.15,1.665,2.255,4.175,3.525,1.335,3.305,5.29,0.325,-3.195,-3.255,-3.06,-2.56,-2.41,-2.59,-2.35,3.415,2.35,1.47,2.72,-2.61,-2.43,0.915
Nanog,-3.02,-2.425,-7.67,-7.835,-6.7,-3.35,-5.865,-7.875,-7.3,0.715,0.225,-6.135,-5.595,-1.42,-1.86,-2.69,-0.285,-0.645,-0.785,-2.06,-6.245,-5.325,-4.89,-4.53,-4.265,-3.195,-0.415,-5.51,2.78,2.315,4.165,3.155,2.195,2.135,4.54,1.98,3.805,2.305,3.665,2.165,2.445,0.71,2.43,2.785,2.915,2.02,2.23,2.475,1.995,4.15,3.705,0.235,1.195,1.24,4.005,0.305,-0.775,-0.835,3.845,0.445,4.26,2.205,2.375,1.1,3.29,2.51,1.08,0.04,0.7,3.38,3.64,3.605,4.52,3.675,3.585,4.595,4.925,4.085,2.595,2.74,4.335,3.075,3.615,3.455,4.755,3.695,4.595,4.645,2.415,4.295,4.58,5.695,3.505,2.41,5.945,4.915,3.88,4.125,3.855,1.415,3.815,1.405,3.28,0,2.335,5.725,4.14,5.065,2.19,2.96,5.1,3.955,2.01,3.835,1.54,3.755,5.375,1.755,2.015,-2.535,0.005,3.94,2.935,4.15,4.47,5.075,4.495,0.735,0.58,5.225,3.205,5.45,3.935,1.87,4.255,1.26,3.2,3.84,3.825,3.23,5.49,4.515,2.72,3.105,0.14,3.475,2.725,0.06,5.365,6.135,2.81,5.725,2.47,2.58,2.1,1.61,3.26,-1.855,-0.095,2.01,0.12,-0.16,0.665,-0.925,2.12,1.845,0.35,0.42,4.12,4.31,-1.205,0.4425,21.475,25.725,11.025,3.54,4.155,2.535,0.995,2.99,2.28,3.31,1.815,3.245,2.955,-0.905,-0.155,-1.115,2.165,0.155,-2.335,3.11,1.615,2.02,2.05,3.795,3.99,2.31,0.9,0.805,2.28,2.89,2.195,2.675,3.135,3.04,4.1,4.38,0.14,1.72,1.47,1.715,3.94,3.56,2.885,3.155,5.51,3.685,3.88,4.375,3.48,3.82,3.93,3.84,3.41,3.64,3.315,2.745,1.155,-5.07,-4.3,-0.025,-1.17,-0.47,1.84,2.28,-0.47,-3.585,-0.47,-2.13,-1.98,-1.47,-5.69,-6.93,-1.52,-2.855,-2.705,-1.99,-0.015,-0.79,-3.425,-6.355,-6.185,-3.97,-2.085,-4.32,-4.29,-1.895,-3.59,-1.575,-1.445,-2.815,-2.475,-1.245,-2.405,-2.13,-2.995,-3.885,-1.285,-0.97,-2.65,-1.3,0.06,-5.67,-5.575,-4.88,-6.94,-1.98,-1.57,-4.66,-1.745
Pdgfa,1.065,1.3,0.465,1.54,1.165,1.095,1.26,1.02,1.365,0.92,1.1,-8.08,-7.54,-0.995,-1.575,-0.855,-1.74,-2.56,-0.26,-1.955,1.76,-2.22,-1.555,0.045,-1.41,-1.7,-2.26,-0.025,0.835,2.49,0.95,0.75,0.38,3.24,1.845,-1.275,-6.23,-6.11,1.35,-1.43,2.13,-0.775,-1.975,-2.55,1.3,-1.755,-6.745,-0.1,-1.07,1.825,0.35,-0.94,0.22,3.865,1.94,1.77,2.43,2.39,-0.16,-5.28,-7.045,-7.2,-1.61,-1.555,-0.095,-1.625,1.935,-3.815,-0.055,3.035,2.165,2.07,2.005,1.26,1.48,1.61,3.22,1.13,-0.24,1.905,-2.01,0.41,0.36,1.09,0.58,-1.19,0.8,2.59,0.54,2.5,1.445,2.14,0.85,1.465,-1.38,1.99,0.885,1.56,1.8,0.53,3.28,0.16,0.195,0.505,0.91,1.97,2.075,1.4,1.945,1.435,0.335,2.35,2.285,2.3,1.465,1.4,2.85,2.27,2.09,2.31,2.37,2.765,3.18,2.085,1.575,1.8,2.84,1.83,3.275,2.3,3.06,2.335,2.77,3.005,1.61,1.715,1.835,0.315,2.41,0.795,1.625,0.67,0.595,1.18,2.435,3.44,2.81,1.825,1.91,2.25,1.635,2.47,2.275,2.565,3.025,2.515,2.105,1.18,0.24,2.715,3.225,3.515,2.7,2.42,3.345,3.08,0.675,2.625,3.265,2.265,0.09,-0.7525,0.5825,-15.525,0.0625,-0.345,-3.77,-0.17,0.34,-3.255,-2.145,-0.655,0.25,-2.05,-1.27,-3.21,-1.26,-2.64,-1.65,-2.56,-0.13,-2.565,-3.21,-1.015,-1.305,-0.89,-0.95,0.195,-0.305,-1.07,0.915,0.365,0.06,0.63,-2.72,-1.305,-2.625,-0.915,1.275,0.695,0.865,0.73,0.865,1.065,0.27,0.11,0.855,1.87,0.515,1.9,1.535,1.345,1.485,0.825,1.515,1.275,0.79,-0.05,-7.71,-7.015,-1.795,-1.97,-3.275,-0.495,-2.935,-2.365,-4.775,-0.26,-0.585,-6.855,-8.775,-0.685,-2.465,-3.225,-1.635,-2.02,-1.6,-2.665,-2.38,-1.045,-1.28,-8.3,-0.79,-5.445,-0.91,-1.615,0.035,-1.91,0.255,-1.74,0.17,-0.24,-0.75,-0.87,1.66,-0.075,2.79,0.18,-0.36,-2.305,-7.825,-3.245,-3.285,-0.565,-1.7,0.245,1.125,-0.035,-0.405,-1.065,-1.74
Pdgfra,-2.525,-3.09,-3.055,-1.83,-0.065,0.125,-1.51,-0.48,-0.865,3.82,2.71,2.92,-1.56,-1.045,-1.585,1.055,-0.76,-1.05,-0.95,4.005,1.44,-1.29,1.535,2.485,3.1,2.4,1.98,2.985,2.735,2.98,2.92,0,2.77,0.64,3.485,6.065,2.43,-0.13,0.76,1.18,5.45,3.995,3.705,3.41,4.54,4.055,-0.765,0.22,-1.86,0.715,0.54,6.1,4.23,0.935,-0.25,1.16,4.34,1.83,2.21,4.81,1.435,4.86,3.79,2.325,-1.045,1.985,4.925,3.665,2.915,4.235,5.165,4.88,3.625,3.79,5.1,5.56,6.22,2.85,3.75,3.285,3.83,2.01,3.78,3.91,3.42,4.05,3.27,-1.09,-1.21,3.77,3.305,-0.17,2.68,3.965,3.74,-0.05,3.025,4.92,4.71,1.79,5.61,5.2,4.625,1.295,1.9,-1.11,2.055,1.64,-0.115,-2.905,-2.135,3.86,2.045,-1.57,-2.435,0.94,2.26,2.43,4.04,2.99,1.1,-0.755,-0.76,-2.405,-1.585,-1.78,-0.56,-1.67,3.215,2.12,3.14,2.595,1.46,-0.975,-1.36,-2.185,1.755,2.595,2.44,3.935,2.595,-2.6,-1.075,-0.01,-1.145,0.32,0.33,1.515,3.12,5.79,1.895,-1.02,-1.505,1.315,3.315,-0.465,2.485,3.58,-1.57,-0.615,-0.915,1.815,0.28,-1.45,0.835,4.17,-2.335,1.515,-0.975,3.345,1.2,61.225,49.525,46.875,39.175,5.825,5.16,5,5.28,6.385,4.215,5.395,5.09,4.97,5.07,6.52,7.86,7.19,7.31,6.295,2.93,5.925,7.22,5.865,5.415,6.36,5.045,4.975,3.285,4.54,3.865,5.865,5.68,3.85,4.57,1.575,2.935,7.005,6.605,4.765,1.515,3.19,-1.445,2.475,-0.63,-2.55,-1.285,-0.79,1.135,-1.87,-1.825,-1.185,-1.665,-1.235,-1.895,-2.035,2.7,1.91,2.15,8.595,8.215,8.12,7.525,7.385,7.495,7.895,6.695,7.07,7.555,8.145,7.285,7.925,7.645,7.485,7.855,6.04,5.48,6.785,7.25,7.165,5.66,6.45,5.83,5.405,6.95,6.595,6.575,6.5,6.425,7.72,7.67,7.78,5.85,7.06,7.23,7.125,8.29,7.69,5.71,6.425,8.195,8.435,7.115,7.905,8.21,6.665,5.715,6.825,7.825,7.225,5.02
Pecam1,6.6,6.775,5.95,6.355,6.72,6.18,6.535,6.405,6.25,5.435,5.045,4.545,5.555,5.5,5.22,4.93,3.715,4.465,5.845,5.08,4.785,5.385,4.46,4.32,3.865,3.655,5.055,5.13,4.37,3.275,0.275,4.485,6.505,3.345,3.15,5.01,4.645,3.685,3.235,4.345,3.255,4.67,3.32,3.825,4.025,2.28,2.1,-2.105,3.885,4.65,5.535,3.605,1.345,-1.39,3.585,2.875,-1.715,-0.495,3.355,-1.625,-0.09,2.235,4.955,2.54,2.01,-3.4,1.23,4.65,0.95,2.73,-0.53,3.355,2.61,0.935,1.775,2.455,-0.015,2.355,2.005,1.86,2.895,2.045,1.265,2.955,3.255,2.775,3.655,3.245,2.835,2.985,2.17,2.515,1.925,1.31,-2.965,-3.665,-3.61,2.265,0.415,1.835,2.475,-0.125,0.23,0.27,-0.705,1.015,1.37,-0.935,-0.42,2.04,0.52,0.985,1.35,3.685,1.18,1.485,-0.955,0.325,0.915,1.205,-0.315,-3.08,2.995,1.28,0.11,2.405,2.525,0.395,-2.52,1.235,1.655,0.47,-2.895,-3.3,-3.685,-4.51,-0.93,-0.23,0.755,0.33,0.12,-0.715,-4.59,0.465,-3.47,1.335,1.405,2.46,4.025,4.105,2.23,3.815,2.16,1.89,0.62,2.88,2.41,1.705,1.375,1.55,0.48,-2.74,0.235,-3.775,3.01,-1.895,-2.12,0.79,0.79,1.69,-0.255,26.975,42.175,28.325,25.025,3.67,1.705,2.595,1.475,2.44,2.87,3.12,3.115,3.265,1.625,2.285,4.485,2.415,4.135,3.225,3.095,0.97,2.235,2.29,2.61,2.895,3.39,-0.55,0.55,-1.285,0.77,1.09,1.525,3.265,2.885,2.03,3.44,3.64,2.73,1.86,2.91,2.585,3.91,4.31,2.475,3.075,0.23,4.385,2.75,3.395,3.01,3.62,3.01,4.6,4.05,2.76,3.615,2.715,3.255,4.05,2.3,2.975,3.17,3.6,1.55,2.73,2.19,0.515,2.62,0.99,0.24,0,1.58,-5.22,1.56,0.485,0.845,1.03,1.715,0.88,1.035,-4.645,-1.485,-5.08,-0.925,0.23,-4.26,-4.385,-0.47,-1.635,-0.355,2.035,-1.045,-0.225,-4.375,-2.06,-1.285,-0.545,2.265,1.78,-4.17,0.81,-4.2,-3.96,-3.865,-4.74,-2.55,-4.83,-4.22,-4.04,-1.495
Pou5f1,2.755,2.73,2.155,1.89,2.915,2.225,2.48,2.29,2.345,1.49,1.53,1.19,0.82,0.995,0.605,0.905,0.69,0.96,0.6,0.285,0.62,1.18,0.415,0.215,-0.13,-0.98,0.04,0.905,-0.215,1,1.45,0.32,1.42,2.16,2.305,2.735,1.41,1.19,2.22,1.15,1.09,1.125,0.205,0.75,-1.11,-1.635,0.185,0.03,0.28,-0.695,1.44,-0.64,-0.55,0.095,0.32,1.27,3.49,0.35,0.53,-2.46,0.845,1.5,1,-0.755,2.705,1.235,0.915,-1.135,0.975,-0.775,0.815,0.32,-0.485,0.84,1.48,0.44,0.88,-0.31,-0.24,0.575,0.14,1.19,1.47,0.33,4.95,1.15,1.78E-15,0.72,0.62,7.88,2.865,1.85,1.16,1.995,3.21,2.65,1.285,2.15,1.69,2,0.19,1.89,1.705,2.445,1.52,2.91,3.275,2.31,1.805,1.725,2.395,2.32,2.685,1.93,1.395,2.19,2.75,2.03,2.73,2.21,2.23,3.195,2.56,1.435,2.095,2.25,2.89,2.39,3.065,3.26,3.2,2.955,2.62,3.225,2.62,1.635,2.095,1.425,2.83,2.995,1.665,1.81,1.795,1.07,0.365,3.07,1.2,1.445,2.73,3.4,2.485,3.29,2.705,2.185,2.835,3.215,2.945,2.41,1.51,2.975,3.415,3.825,2.96,2.77,2.375,2.89,0.945,2.825,2.615,3.145,-0.29,0.1175,10.525,-0.1825,0.0975,0.445,1.05,-0.57,-0.76,0.025,-0.615,0.785,-2.03,-0.32,-0.26,-0.46,-0.15,-2.07,1.32,0.69,-0.26,-1.775,-0.61,-0.515,-1.005,0.37,1.5,-1.905,-2.015,-1.32,-2.005,-1.485,-1.2,-1.2,0,-1.015,0.855,1.325,0.405,-1.355,-2.205,-2.22,0.135,-0.275,-1.64,0.61,1.015,1.65,0.615,1.53,1.665,1.685,1.975,1.235,1.355,1.325,1.52,1.23,1.09,2.195,0.135,1.73,1.175,0.675,0.805,0.045,-1.095,-0.09,0.325,-0.015,-0.795,0.585,1.465,-0.455,1.805,-1.42,-1.54,-0.765,-0.2,-0.145,-0.19,-0.02,0.51,-2.305,-1.41,0.305,0.505,0.24,-1.065,-2.06,0.29,1.15,0.13,0.05,0.6,-3.875,0.46,-0.43,-0.88,-1.595,1.295,1.225,0.645,0.825,1.63,0.755,0.515,0.395,1.195,0.755,-2.32
Runx1,-5.85,-5.825,-6.37,-0.965,-1.56,-6.34,-6.655,-6.575,-6,-4.305,-3.695,-1.305,-4.295,-3.78,-4.32,-4.3,1.295,1.505,0.475,0.9,-4.945,-4.025,-4.6,0.9,1.135,-1.095,2.075,0.73,0.52,2.045,0.965,2.495,1.905,2.985,3.73,3.35,-2.985,1.225,1.515,-2.325,4.175,2.73,-0.1,0.215,1.795,-3.72,2.17,1.255,1.545,1.47,3.185,1.205,-0.105,-1.8,-2.985,-1.575,-2.125,-0.905,2.055,1.535,-3.8,2.005,-0.405,0.8,2.92,0.81,0.99,1.26,0.32,-1.35,-4.09,0.915,1.69,0.315,2.225,2.375,2.745,-0.995,-4.315,-1.21,1.275,1.795,0.185,1.775,2.555,-1.375,2.345,2.185,2.075,0.785,2.12,-2.335,-4.945,-4.94,-3.375,1.285,0.03,1.685,0.875,1.265,1.125,1.465,1.6,1.84,2.525,1.105,2.65,-0.045,1.39,1.62,1.29,2.245,1.31,2.365,1.58,2.515,2.595,1.575,2.655,2.205,-3.585,2.57,-1.775,-1.74,1.64,-4.515,3.335,2.865,4.08,3.305,2.525,2.34,3.795,3.3,2.055,1.41,1.96,0.36,2.415,2.68,2.57,1.905,1.24,2.895,1.62,2.505,3.305,2.9,-3.885,0.075,2.62,1.835,0.52,-4.04,2.32,3.23,2.24,-0.475,-0.765,3.27,1.2,-3.15,2.135,2.755,4.54,4.735,2.55,3.25,3.71,1.45,-5.615,-52.425,-45.675,-45.925,-48.075,-6.07,-5.075,-6.065,-5.425,-6.18,-6.26,-2.68,-6.845,-5.915,-6.375,-5.805,-5.045,-5.125,-4.325,-4.82,-1.785,-6.29,-5.765,-1.77,-6.23,-6.135,-2.25,-6.96,-5.97,-5.725,-1.15,-0.81,-6.265,-6.605,-6.785,-5.87,-5.41,-0.8,-5.6,-5.97,-6.7,-6.615,-4.18,-4.26,-5.815,-5.285,-4.02,-3.525,-4.41,-4.605,-4.56,-3.92,-4.4,-3.97,-4.63,-4.77,-4.445,-1.895,1.975,2.24,-1.07,3.135,3.54,2.84,0.59,-0.32,0.42,-1.325,3.01,-0.14,1.9,4.4,4.05,3.17,3.51,2.345,1.675,2.29,0.985,1.31,2.645,3.395,3.895,2.06,2.385,3.4,4.27,3.455,2.13,2.395,3.625,3.315,3.835,3.765,4.955,5.01,4.635,4.235,-0.595,3.55,4.14,4.69,3.97,4.15,4.195,4.19,3.82,3.94,3.66,3.52,2.515
Sox2,6.465,5.24,4.945,4.55,5.195,4.985,5.49,6.41,5.015,8.05,6.36,5.71,3.28,3.865,2.735,3.705,6,5.96,4.34,4.035,5.86,3.05,1.955,4.055,3.93,5.13,5.29,0.815,0.645,2.97,0.13,3.54,3.02,2.81,3.825,4.275,2.73,1.93,2.44,2.31,3.8,3.005,2.085,0.76,-2.72,2.515,-2.665,-1.68,0.18,-0.185,-1.36,3.95,1.3,1.515,3.96,4.45,3.33,3.69,3.81,2.3,-2.965,2.73,2.21,-2.845,-2.945,-0.535,-2.865,-3.625,-3.375,-3.815,-3.255,-0.9,0.585,-0.35,0.22,-2.57,2.71,0.43,0.05,2.395,1.09,-0.29,0.58,0.8,2.15,-0.11,0.76,2.08,3.4,3.8,1.345,-4.08,0.34,2.985,2.83,1.88,-3.185,-0.66,2.69,0.52,3.09,1.28,0.635,-3.935,-4.14,-0.51,-2.885,-3.82,-4.335,-4.845,-4.035,-3.39,-3.375,1.95,0.785,1.64,-0.56,1.1,-3.51,-3.33,-2.75,-2.655,-2.66,-4.305,0.645,0.53,2.5,2.34,2.695,-2.02,-0.81,-2.585,-2.47,-2.875,-3.26,0.795,-1.825,-2.945,-3.49,2.375,-3.415,0.29,1.165,0.91,-3.045,1.8,-1.57,0.205,6.3,6.59,3.505,1.12,-3.405,0.345,2.195,1.105,-2.765,-4.15,1.22,1.285,-0.745,2.735,-3.03,-3.35,-1.065,0.71,-4.235,0.755,0.525,0.145,3.17,37.625,48.625,56.225,60.075,4.975,6.19,6.01,6.64,5.195,4.905,4.465,4.86,4.92,5.43,0.48,5.25,0.68,6.17,5.525,4.68,4.235,5.41,4.465,0.015,5.55,6.38,4.245,4.355,3.27,1.925,4.175,4.73,4.6,5.73,5.955,5.755,6.645,0.045,3.985,3.795,4.82,7.085,7.415,6.04,6.85,7.905,7.7,6.975,8.32,7.855,8.485,8.615,7.475,7.045,7.535,7.62,6.65,6,3.855,6.095,2.84,3.585,3.395,5.925,4.365,3.295,2.83,1.415,2.405,-4.695,0.495,-0.055,1.325,0.815,1.13,0.12,3.255,2.27,-5.005,1.72,-2.71,1.22,2.875,2.77,0.355,1.405,-3.96,-3.675,1.31,0.7,-0.59,0.43,1.9,2.42,2.985,-0.86,0.27,-2.3,2.245,0.625,0.755,1.335,-3.535,0.59,1.155,-2.085,-0.805,-0.475,2.535,1.37
Sall4,4.435,4.14,3.765,4.37,4.165,3.665,4.09,4.27,4.095,2.78,2.91,1.47,3.52,2.975,2.385,2.615,3.34,2.97,3.02,2.685,2.36,3.37,2.755,2.485,3.03,1.29,2.68,1.855,2.545,2.72,2.87,3.29,3.48,3.36,4.655,3.325,3.32,3.09,3.49,3.35,3.51,2.815,2.985,2.32,2.4,1.935,2.795,3.11,2.22,2.315,3.48,2.64,1.65,3.215,3.2,3.03,2.7,1.44,3.55,0.44,2.385,1.86,1.76,0.755,2.585,2.325,3.135,2.375,0.775,1.985,2.505,2.37,2.675,2.84,3.35,2.99,2.78,2.27,2.14,2.505,2.9,2.93,1.55,1.33,3.25,3.49,3.29,2.85,2.69,2.66,3.095,1.47,1.35,1.725,2.99,3.1,1.905,2.16,2.29,2.84,2.06,1.63,0.845,1.555,1.36,3.16,2.855,2.77,1.875,1.475,2.555,2.69,2.435,2.17,1.435,1.86,2.13,2.08,2.44,2.58,2.54,2.265,2.25,1.255,1.915,2.38,2.93,2.55,4.035,3.94,3.32,3.315,2.45,2.325,2.16,1.995,2.225,0.445,2.17,1.355,1.255,1.6,1.905,1.83,0.855,3.75,1.64,1.515,2.15,2.1,0.925,2.3,2.205,1.655,2.235,1.965,2.805,1.75,2.29,3.475,3.275,3.895,1.99,1.95,3.065,3.33,1.515,2.435,2.675,3.415,-3.47,-17.625,-18.825,-15.175,-11.825,-2.345,-0.04,-2.03,-2.7,-1.295,-1.995,0.025,-1.68,-0.3,-1.34,-0.98,-0.89,-1.7,-0.98,-2.205,-1.76,-1.295,-1.24,-1.065,-1.415,-2.27,-0.015,-1.105,-1.895,-2.12,-1.645,-0.875,-1.05,-0.84,-1.47,-1.015,-0.925,0.035,-1.575,-1.015,-1.275,-1.48,0.405,0.575,-0.4,-1.03,-0.185,1.59,0.065,1.25,0.265,1.235,0.825,0.915,0.675,1.315,-0.76,0,-0.41,0.575,-0.715,0.51,-0.385,-0.405,-0.465,0.785,-0.265,0.18,0.495,1.055,0.225,0.715,1.275,0.095,2.465,0.75,-0.8,-0.095,-0.16,-0.815,0.08,0.46,0.4,-0.705,0.07,0.125,0.615,0.22,0.035,0.26,0.59,1.15,0.27,-0.04,0.85,1.225,1.81,-0.2,-0.21,0.675,0.555,1.685,0.255,1.425,1.29,0.355,-0.215,0.565,1.035,0.005,-0.61
Sox17,-6.35,-3.325,-2.52,-3.585,-1.74,-6.84,-3.925,-2.235,-2.76,-4.805,1.375,-0.075,0.295,1.19,0.2,-0.33,1.275,0.605,0.085,0.4,-0.975,-0.895,-1.95,-1.21,1.215,0.185,0.025,0.39,0.92,1.255,1.915,1.565,2.015,1.765,2.53,2.16,2.315,1.535,3.135,-0.005,1.405,-0.19,1.2,0.235,2.255,2.01,-0.55,-3.015,-2.605,-0.46,2.085,-3.605,-5.645,2.73,1.495,4.225,1.215,4.155,5.215,1.965,0.23,1.265,1.275,1.23,2.41,1.99,0.1,0.88,0.32,0.13,0.1,-0.805,0.02,2.695,1.135,1.355,0.775,-4.975,-4.815,-0.41,0.375,0.785,1.245,-0.355,1.855,0.985,1.895,0.255,0.165,-0.545,1,1.685,-1.995,-2.19,2.745,1.325,2.23,0.365,1.565,-0.785,0.085,0.085,-1.58,-0.48,0.425,1.275,2.09,-1.245,0.61,-0.4,1.1,-1.735,1.77,-0.345,-1.97,-0.475,-1.135,-0.205,0.465,0.815,-0.325,1.84,-0.115,-0.46,0.26,1.895,2.685,0.575,1.63,3.025,-0.285,1.64,-0.735,0.49,1.265,-0.52,0.57,0.27,0.415,-0.74,0.04,-2.295,0.58,-0.155,1.83,3.435,2.915,0.73,1.445,3.155,1.6,0.895,0.98,1.09,1.01,1.55,2.72,1.495,1.565,-0.25,1.54,2.48,2.065,0.105,3.96,2.125,-1.24,-4.63,-0.09,1.82,-0.505,0.3975,-18.575,-0.5075,0.0525,-1.68,-1.865,-0.535,-0.235,0.54,-2.17,-3.27,0.395,1.205,-1.115,-0.445,1.535,2.945,1.295,0.145,-0.555,1.59,0.185,2.15,0,-1.785,-1.335,-2.45,-1.67,0.765,0.63,-0.99,-0.195,-2.395,-1.605,-2,0.43,1.32,0.4,-2.19,-3.42,-3.235,0.45,0.35,0.455,4.955,6.18,1.405,-4.91,-5.105,0.05,3.35,1.06,-0.18,-1.85,-0.49,0.525,1.185,2.015,2.54,2.84,3.745,3.17,1.26,2.02,1.71,3.17,2.765,3.68,4.07,1.27,3.13,3.2,3.75,3.02,2.725,2.655,1.78,3.395,2.38,2.615,2.025,2.795,-0.26,0.935,3.07,2.64,0.595,1.06,2.025,3.135,3.705,2.425,2.565,2.585,4.05,3.645,1.595,1.145,2.52,1,4.2,2.1,2.87,2.265,1.32,1.6,2.76,3.33,0.45,-2.175
Snail,5.53,5.585,5.29,5.605,5.81,5.3,6.025,5.725,5.39,6.675,7.125,7.555,7.945,8.48,7.53,7.93,8.045,7.505,7.845,7.9,7.455,8.065,7.72,7.06,7.735,7.785,7.565,7.36,6.25,5.855,5.525,7.515,7.715,6.115,8.09,7.31,5.295,7.195,8.175,6.715,6.755,5.34,5.1,3.885,5.015,4.9,5.89,4.965,3.515,3.61,5.295,6.085,2.645,3.95,4.995,1.505,4.765,1.385,5.125,4.765,2.93,4.695,2.015,-4.14,-4.24,1.99,1.35,5.19,2.24,3.07,4.93,4.365,3.59,1.605,-0.995,3.825,4.445,5.765,5.745,5.34,4.315,4.295,3.455,4.985,5.895,4.525,6.065,4.655,4.685,3.905,4.13,2.805,3.935,1.61,2.015,1.995,2.67,1.405,1.575,3.405,3.935,1.995,-1.52,-0.17,-1.605,2.015,1.6,1.555,2.03,2.38,2.37,1.905,1.15,2.925,1.71,-1.645,0.795,-2.115,0.635,2.195,0.535,0.37,-3.955,0.69,2.76,3.475,1.995,0.705,-0.37,1.245,0.925,2.07,0.475,-4.17,3.835,2.03,2.36,0.25,1.245,0.07,-4.71,-2.205,-0.18,-0.995,-4.34,1.645,1.315,2.1,5.655,3.985,0,2.925,0.54,1.42,1.37,2.88,1.87,0.065,0.155,2.69,3.31,5.5,-0.215,0.525,0.5,-2.765,-5.53,-0.88,-4.17,-3.84,-6.075,-57.025,-0.7625,-30.525,13.525,-0.85,-5.535,-6.525,-5.885,-6.64,-2.11,3.13,0.725,2.585,1.575,-1.345,2.095,3.305,1.685,-1.09,1.155,2.75,1.215,2.31,-1.9,-6.595,-0.445,0.58,2.06,-0.215,0.83,1.69,1.155,1.025,1.445,-1.36,2.71,2.65,1.93,1.78,-0.33,0.055,-0.97,0.3,0.025,-1.015,0.11,-3.985,-4.87,-5.065,-5.02,0.76,-0.69,-1.28,-5.09,-5.23,-4.905,-4.935,0.455,-4.23,0.57,2.535,1.49,1.42,1.41,3.62,3.32,1.795,3.42,1.15,3.08,1.11,1.2,1.11,0.21,-0.065,2.385,3.23,-1.655,2.07,-0.175,2.375,1.825,0.33,1.065,1.87,1.43,1.495,1.77,1.445,1.535,3.055,1.865,-1.295,0.025,-1.48,2.155,0.875,2.015,-0.58,2.11,-1.18,2.11,1.9,3.395,2.28,2.18,1.55,1.85,0.91,-1.855
Sox13,-6.225,1.14,-2.065,-1.06,-0.315,0.965,-0.08,-1.22,1.475,1.33,4.16,3.71,4.41,4.745,4.005,4.365,4.32,3.06,4.57,3.495,3.7,4.61,4.305,3.095,3.73,3.06,4.33,-0.485,1.665,0.47,4.18,2.35,4.2,3.73,5.885,4.365,2.51,3.51,3.94,2.99,4.75,2.245,1.165,2.09,3.41,2.725,4.135,2.74,0.87,3.895,5.56,4.69,0.91,5.025,4.11,3.29,-2.5,-1.28,-0.9,3.3,-4.175,3.62,0.64,0.975,1.175,4.075,4.725,2.745,0.075,1.555,2.025,3.33,2.455,3.13,3.87,3.81,2.13,1.12,2.77,2.755,3.21,2.71,2.81,2.6,4.24,3.53,5.02,4.66,1.1,3.1,1.845,1.31,1.41,1.455,3.2,3.27,2.015,2.16,1.8,2.7,1.37,2.37,1.495,0.335,0.78,1.87,3.165,1.37,2.395,0.785,0.225,1.97,-4.585,-4.68,-5.545,-5.38,0.37,2.5,1.99,1.53,2.5,2.975,3.77,1.925,2.835,3.94,2.84,2.54,4.115,3.6,3.33,1.635,3.37,1.755,2.46,1.735,2.615,1.625,1.98,1.485,0.885,0.35,-0.085,0.66,-4.255,3.08,2.32,1.555,2.32,1.84,2.675,4.56,1.725,2.995,2.795,1.205,2.675,-0.9,2.06,4.095,2.705,-3.525,-3.17,0.66,2.595,-0.68,-0.035,-4.505,-4.085,0.675,-5.99,-56.175,-49.425,-49.675,-51.825,-6.445,-5.45,-6.44,-5.8,-6.555,-6.635,-0.325,-7.22,-6.29,-6.75,-6.18,-5.42,-5.5,0.76,-5.195,-1.74,-0.935,-1.13,1.615,-0.475,-0.34,1.05,1.245,-1.005,-0.74,-2.015,0.045,-2.06,-0.73,-1.85,0.545,2.015,0.625,-1.165,-0.455,-0.005,-2.18,-4.555,-4.635,-4.97,-5.66,-0.665,-3.9,-4.785,1.81,1.155,0.185,0.085,2.565,0.255,2.295,1.24,-2,-0.57,-4.145,-5.085,0.78,-4.865,-5.345,-6.145,-5.475,0.955,-1.53,0.555,2.065,0.875,-0.605,1.175,-0.065,0.365,-0.72,-6.28,-5.165,-6,-2.755,-1.29,-1.63,-5.26,-5.865,-2.39,-1.225,-0.755,-0.79,-0.745,-1.15,-0.1,-2.48,-5.97,-5.92,-5.16,-2.845,-2.07,-5.59,-5.65,-5.455,-4.955,-4.805,-4.985,-4.745,-4.65,-5.525,-6.015,0.165,-5.005,-4.825,-6.45
Tcfap2a,-5.445,-3.75,-5.965,-2.79,0.185,-0.865,-1.23,-1.69,-1.915,1.12,2.25,0.92,1.32,1.635,2.235,-3.895,1.21,-3.38,-2.38,2.255,1.23,-0.52,-1.045,-3.905,1.43,-4.54,1.55,2.425,0.555,0.65,3.24,1.86,-2.55,-1.69,-1.325,2.535,3.35,2.74,1.53,1.94,1.45,2.155,2.985,2.01,1.11,-3.315,1.585,1.81,1.77,-0.555,-1.79,1.33,-0.05,-1.395,-2.58,-1.17,-1.72,-0.5,-0.12,-1.63,1.285,2.15,-0.12,-3.275,-3.375,-3.405,-3.295,-4.055,-3.805,-4.245,1.545,1.84,-2.785,-3.42,3.02,-0.28,3.88,1.33,-3.91,-4.035,2.42,1.31,-4.28,-2.84,-3.06,1.25,2.78,1.93,2.54,1.14,0.695,-2.66,-4.54,-0.065,0.33,-0.69,1.675,-3.71,-3.59,-3.78,-4.41,-4.27,-4.685,-4.365,-4.57,-3.44,-3.315,-4.25,-4.765,-5.275,0.225,-0.12,2.055,-3.9,-4.765,-4.6,-1.16,-0.31,-3.94,-1.13,-3.18,2.095,1.97,1.115,-0.305,-4.11,-2.89,1.31,3.485,-2.45,-2.24,-3.015,-2.9,-3.305,-3.69,-4.515,-2.165,-6.055,-3.92,-3.785,1.605,0.16,-0.095,0.7,2.045,1.05,-2,2.965,2.12,-2.63,-3.775,-3.35,-3.835,-3.635,-3.675,-3.415,-3.195,-4.58,-3.9,2.535,2.935,1.825,-3.46,-3.78,1.315,-1.9,-4.665,-3.725,-3.305,0.325,-5.21,14.425,22.075,25.775,19.275,-2.115,1.15,0.28,-5.02,-5.775,-5.855,-5.285,-6.44,-5.51,-0.37,-5.4,-4.64,-4.72,-3.92,1.58,-1.29,-5.885,-5.36,-5.025,-5.825,-1.14,0.045,-6.555,-5.565,0.8,-1.245,-0.845,-0.45,-1.61,-0.2,-5.465,0.125,0.775,-5.195,-5.565,-6.295,-6.21,-3.775,-3.855,-5.41,-4.88,-2.025,-3.12,-4.005,-4.2,-4.155,-3.515,-3.995,0.135,-0.835,-4.365,-4.04,-4.07,1.08,-3.365,-4.305,-3.72,-4.085,-4.565,-5.365,-4.695,-5.875,-5.6,-5.115,-3.205,-5.125,-4.525,-3.985,-1.485,1.685,-1.83,-5.5,0.605,-5.22,-0.315,0.37,-1.71,0.55,-5.085,-4.64,-1.505,1.985,-0.23,0.775,-5.86,-4.38,-3.93,-1.8,-1.69,-4.38,1.685,-1.29,-4.81,-0.49,0.935,-4.175,-4.025,-4.205,-3.965,-3.87,1.655,-5.235,-4.835,0.175,-4.045,1.28
Tcfap2c,2.75,2.485,2.48,2.035,2.79,2.64,1.735,1.875,2.4,1.805,1.965,2.835,3.615,3.56,2.63,2.8,2.965,2.725,3.115,3.1,2.605,3.135,3.11,3.2,3.175,1.985,2.985,1.46,3.64,3.785,3.905,4.095,4.145,4.265,4.26,3.86,3.775,4.235,4.525,3.785,3.775,3.11,3.21,2.995,3.555,2.92,3.56,3.835,2.695,2.88,4.185,3.845,1.475,4.37,3.045,3.755,3.585,4.655,5.165,2.945,2.54,2.055,2.155,2.04,3.36,3.18,3.4,2.84,1.75,2.48,2.67,2.715,3.14,3.035,2.975,3.535,3.035,2.635,2.935,2.83,2.455,2.695,2.115,1.525,3.405,3.195,3.805,3.195,3.005,2.935,3.12,2.135,1.525,2.49,3.525,2.945,2.63,2.815,3.165,3.405,2.105,1.615,1.31,0.99,1.875,3.355,3.41,2.325,2.59,1.76,2.46,2.565,2.81,2.405,2.05,1.815,2.485,2.315,1.695,3.015,2.545,3.37,2.825,1.6,2.65,2.815,3.385,2.745,3.92,3.735,3.635,3.54,3.255,3.51,3.405,2.14,2.16,1.23,2.375,2.3,2.54,1.255,1.6,1.755,2.06,3.565,2.665,2.23,2.575,3.565,2.28,3.025,2.59,2.97,2.5,2.64,3.05,2.055,2.675,3.82,3.78,4.31,2.775,2.485,3.47,4.015,1.61,2.52,2.98,3.29,-0.305,-0.6675,0.0925,-0.7575,-0.1725,-0.04,0.585,-0.255,0.295,0.12,0.21,-0.13,-1.595,-0.345,-0.205,-0.095,1.145,0.895,-0.115,-0.35,0.025,-0.98,-0.425,0.24,0.25,-0.975,0.91,-0.98,-0.83,-0.785,-1.27,-0.43,1.475,-0.895,0.335,-0.77,-0.12,0.31,0.15,-1.03,-1.77,-1.655,0.11,-0.03,-1.145,-1.595,-1.17,0.055,-0.32,-0.365,-2.05,-0.53,-0.85,-0.22,-0.8,-1.21,-0.355,-0.415,-2.315,-0.36,-1.51,0.075,-1.04,-0.58,-0.34,-0.27,-0.62,-0.745,-0.16,-0.43,-1.33,-0.82,-0.96,-2.07,0.23,-2.175,-2.135,-1.82,-0.115,0.02,-1.475,-1.005,-0.595,-1.33,-1.055,-1.09,-0.42,-0.825,-1.71,-2.075,-1.835,-0.755,-1.795,-1.885,-0.635,1.57,2.015,-1.265,-1.175,-1.34,-0.89,-1.65,-1.74,-1.13,-0.635,-0.95,-2.17,-2.09,-0.55,-8,-1.165
Tcf23,-38.575,-38.325,-43.775,-45.425,-34.075,-43.475,-46.625,-45.825,-40.075,-23.125,-17.025,-28.425,-23.025,36.025,-23.275,29.825,-15.025,29.275,-21.725,19.025,-29.525,-20.325,-26.075,20.725,37.875,-12.625,0.5175,14.125,44.425,-11.925,-11.425,-0.7425,-0.9625,30.975,69.625,65.725,31.775,42.775,35.175,39.875,72.075,54.125,35.325,25.875,59.875,52.625,67.225,30.475,51.175,31.125,58.775,71.275,42.175,53.825,40.275,58.275,59.775,10.875,47.375,-0.0425,26.525,43.475,45.475,33.525,32.725,38.725,38.125,22.325,-22.175,53.025,32.625,38.475,52.025,15.975,37.275,46.875,54.575,45.375,46.775,31.925,34.575,57.975,38.875,32.375,47.575,50.575,52.375,37.575,63.575,39.875,42.825,0.1975,41.575,38.525,49.575,10.675,34.825,12.775,-20.025,-21.925,41.975,-26.825,-30.975,0.8025,24.375,48.075,50.325,34.875,11.025,10.725,15.225,0.8375,-22.175,41.175,0.4825,0.4075,26.275,-29.325,-23.525,-21.725,0.6175,-14.975,18.875,17.125,35.025,23.375,-13.025,18.775,-0.9375,-0.8625,-0.6525,-14.275,38.975,23.625,36.375,29.825,32.025,20.425,-23.325,-21.975,-22.575,23.375,32.225,19.275,-18.875,-0.4225,-0.4125,23.125,26.275,40.675,25.025,37.975,16.425,33.325,-20.875,15.725,-16.075,-29.925,-23.125,22.025,25.025,37.425,16.975,-21.925,0.0925,-0.3125,-30.775,15.125,22.425,27.525,-36.225,2.995,1.215,4.1,3.59,11.025,0.4975,-40.725,12.675,22.225,17.525,15.725,0.0875,34.075,17.875,26.775,19.875,30.075,40.375,30.325,0.6375,27.825,40.475,31.125,10.725,-0.5425,41.225,20.625,-39.775,0.8375,-0.7075,-0.7475,23.375,18.975,40.375,-0.5275,16.125,28.225,31.925,15.725,0.8825,0.0375,16.525,-0.2275,-38.225,38.475,-20.275,-15.325,-24.175,-26.125,-25.675,-19.275,-24.075,-19.775,27.325,30.825,28.375,21.175,28.375,42.825,47.325,53.575,42.325,29.625,33.125,45.225,30.025,32.975,27.225,44.125,19.025,38.525,51.025,34.525,51.825,24.375,25.775,32.325,-36.325,21.025,-0.2925,-30.625,19.975,29.925,34.275,30.225,39.625,37.375,31.825,13.275,34.675,35.375,26.675,35.175,45.475,65.425,0.2975,41.275,37.275,17.325,42.325,11.625,40.825,33.025,35.375,34.025,39.025,19.525,37.225,28.725,27.575
Utf1,-5.58,-5.555,-6.1,-6.265,-5.13,-6.07,-6.385,-6.305,-5.73,-4.035,-3.425,-4.565,-4.025,-3.51,-1.29,-4.03,-3.225,0.525,-3.895,-3.88,-4.675,0.545,-3.19,0,0.905,-0.715,-3.935,-3.94,-2.75,-2.915,-2.865,2.405,-0.965,-1.825,3.18,-1.75,-2.715,-2.595,0.445,2.005,1.775,-2.55,-3.26,-3.685,-3.285,-1.26,1.07,-2.245,-0.025,2.55,3.725,1.715,-0.555,-1.53,-2.715,-1.305,-1.855,-0.635,2.865,-1.765,-0.04,-3.685,0.455,-3.41,0.27,-0.33,3.08,-0.89,0.19,1.62,3.21,3.425,2.9,2.445,2.915,2.895,3.415,2.895,3.755,0.02,-3.515,-2.385,0.125,1.985,4.785,3.475,4.055,2.025,2.905,2.105,2.06,3.105,3.095,2.83,4.345,3.245,-3.75,0.795,1.105,-1.195,1.905,3.755,1.81,3.15,0.405,4.495,4.71,3.545,4.11,2.55,3.9,4.605,2.24,3.655,0.65,1.635,2.395,3.565,4.105,3.275,4.385,3.13,3.865,2.43,1.67,2.175,5.295,4.235,4.39,6.065,4.775,4.25,4.145,3.49,4.375,3.72,3.7,3.45,1.955,3.8,4.07,3.955,2.73,3.585,1.78,4.445,4.095,1.38,2.585,2.865,1.53,3.865,3.62,1.94,3.03,3.6,4.49,2.475,3.385,5.24,3.07,4,1.635,2.375,5.22,4.805,3.21,4.18,3.77,3.7,1.905,23.975,21.425,20.175,16.875,2.93,3.245,3.025,3.235,3.01,2.75,3.41,1.925,3.255,2.615,1.955,3.125,2.475,2.365,0.67,-1.575,1.77,3.655,3.92,1.06,3.205,1.385,1.59,1.6,2.435,2.29,2.16,2.065,3.405,3.995,3.13,4.37,4.45,4.29,3.7,2.53,3.105,3.17,2.65,2.885,3.635,2.67,4.895,3.19,3.845,3.39,4.46,4.09,0.79,3.28,3.72,3.045,3.305,3.025,-0.86,-0.03,1.195,3.11,3.51,2.72,3.07,1.22,1.435,1.76,2.07,0.49,2.36,1.46,-3.39,-0.41,-0.295,1.685,0.49,3.285,2.3,2.025,-2.115,-0.935,-3.8,-0.515,1.15,1.15,-0.185,-0.12,1.715,3.075,3.105,0.505,1.745,2.775,3.21,3.665,2.155,0.515,1.02,-0.1,1.91,1.29,1.65,1.445,1.95,2.51,2.43,3.29,1.21,-1.035
Tspan8,1.5,2.485,1.33,1.655,2.67,1.34,1.505,1.235,1.83,1.145,1.125,1.465,2.995,2.83,2.13,1.66,3.885,3.665,2.605,1.81,2.035,1.585,1.66,2.55,2.095,2.695,3.075,2.19,1.09,2.445,1.915,2.305,1.505,3.255,3.78,3.51,2.485,2.915,2.895,3.185,2.165,2.13,2.12,-0.465,1.795,1.44,1.05,1.605,1.265,-1.09,2.075,2.465,0.375,0.03,-0.855,-2.975,-0.245,0.285,1.425,1.185,0.81,-0.345,-0.085,-1.75,0.35,1.25,0.56,0.72,-1.06,0.85,-0.98,-0.945,0.15,-1.135,0.625,0.965,1.645,-0.575,-0.265,-0.94,-0.005,0.155,0.155,0.505,0.755,-0.045,-1.765,1.515,0.885,0.055,-1.41,-0.355,-2.035,-6.26,-4.775,-1.675,0.08,0.765,-0.425,0.445,0.255,-2.065,-2.89,-2.23,-1.175,-1.205,-0.23,-1.615,-2.28,-4.37,-3.79,-1.225,-0.9,-1.795,-1.31,-0.885,-0.985,-1.395,-1.485,-1.455,-0.335,0.63,0.075,-2.35,-0.82,-1.715,0.755,-1.315,-0.17,1.805,-1.865,-4.82,-4.705,0,-5.495,-2.47,-3.87,-6.27,-5.725,-0.89,-2.24,-1.135,-0.9,-0.965,0.89,0.045,0.325,-5.36,0.765,0.615,0.11,0.015,-2.7,-0.59,-0.3,0.05,-2.47,-1.885,0.085,-1.77,0.25,-0.81,-0.475,-0.785,1.1,-1.125,-3.47,0.81,0.12,-0.71,-4.045,-66.425,-59.675,-59.925,-36.025,-7.47,-6.475,-7.465,-6.825,-7.58,-7.66,-7.09,-8.245,-5.845,-7.775,-7.205,-6.445,-5.575,-2.955,-2.51,-7.225,-7.69,-7.165,-2.34,-7.63,-7.535,-4.555,-8.36,-6.47,-4.455,-8.36,-8.22,-7.665,-3.995,-8.185,-3.75,-6.81,-0.71,-7,-5.26,-5.12,-6.425,-5.58,-3.99,-2.525,-3.855,-0.41,-4.925,-5.81,-1.635,-5.96,-5.32,-3.66,-3.76,-1.04,-2.67,-3.105,-5.875,-1.755,0.45,-0.53,-1.965,-5.89,-3.07,-3.27,-4.61,-7.68,-7.405,-6.92,-5.01,-6.93,-1.24,-5.79,-7.03,-5.42,-5.565,-2.525,-2.6,-4.175,-7.24,-3.515,-6.455,-6.285,-5.04,-6.445,-6.69,-6.07,-6.195,-6.88,-6.045,-6.185,-5.735,-6.995,-6.095,-5.175,-3.87,-3.095,-3.155,-3.585,-2.92,-2.52,-5.83,-6.01,-5.77,-5.675,-6.55,-7.04,-6.64,-2.4,-5.85,-7.475
